,bedrooms,bath_rooms,size_sqft,location,year_built,garage_available,furnishing,house_condition,has_pool,lot_size,price,house_age
0,3.0,1.0,1149,rural,2004,1.0,unfurnished,new,0.0,0.15,244043,21
1,3.0,2.0,1169,rural,1989,1.0,semi_furnished,old,0.0,0.23,211250,36
2,4.0,3.0,1409,sub_urban,1993,1.0,unfurnished,good,0.0,0.19,257239,32
3,3.0,3.0,1647,sub_urban,2021,0.0,semi_furnished,new,0.0,0.27,310316,4
4,2.0,3.0,1865,urban,2009,0.0,furnished,old,1.0,0.39,334791,16
5,2.0,2.0,1179,rural,2020,1.0,semi_furnished,old,0.0,0.32,228260,5
6,1.0,2.0,2097,sub_urban,2004,0.0,semi_furnished,new,0.0,0.33,361672,21
7,5.0,3.0,1392,sub_urban,1993,1.0,semi_furnished,new,0.0,0.12,259003,32
8,3.0,1.0,1491,rural,2014,0.0,furnished,old,0.0,0.01,263096,11
9,4.0,2.0,1201,rural,2013,0.0,semi_furnished,good,0.0,0.13,242759,12
10,1.0,1.0,530,sub_urban,1989,0.0,unfurnished,old,0.0,0.16,107493,36
11,3.0,2.0,1854,urban,2014,1.0,furnished,new,1.0,0.38,342831,11
12,4.0,4.0,1795,sub_urban,1990,1.0,furnished,good,0.0,0.12,319749,35
13,2.0,1.0,1387,rural,1990,0.0,unfurnished,good,0.0,0.35,258014,35
14,2.0,3.0,1527,rural,2000,0.0,furnished,old,1.0,0.13,281804,25
15,2.0,4.0,1706,urban,2000,0.0,unfurnished,new,0.0,0.07,311908,25
16,2.0,1.0,875,rural,2001,1.0,semi_furnished,old,1.0,0.08,172999,24
17,3.0,2.0,1288,rural,1986,1.0,furnished,good,0.0,0.59,233692,39
18,3.0,4.0,1818,rural,1996,1.0,semi_furnished,old,1.0,0.13,335365,29
19,2.0,1.0,998,sub_urban,1981,1.0,unfurnished,good,0.0,0.35,203836,44
20,3.0,2.0,1617,urban,1991,1.0,furnished,new,1.0,0.02,294600,34
21,2.0,1.0,957,rural,2021,0.0,semi_furnished,new,1.0,0.46,218645,4
22,2.0,4.0,1687,rural,1997,1.0,unfurnished,good,0.0,0.3,310738,28
23,3.0,2.0,1486,sub_urban,1990,0.0,furnished,good,0.0,0.29,266638,35
24,3.0,4.0,854,urban,1995,0.0,unfurnished,good,1.0,0.31,183563,30
25,4.0,2.0,1966,rural,1997,1.0,semi_furnished,new,0.0,0.33,364615,28
26,2.0,3.0,1206,sub_urban,2014,1.0,unfurnished,new,0.0,0.37,236943,11
27,3.0,3.0,1176,urban,2005,1.0,semi_furnished,new,0.0,0.16,260896,20
28,3.0,2.0,1580,rural,1995,1.0,semi_furnished,new,1.0,0.15,315431,30
29,1.0,3.0,1959,urban,1985,1.0,unfurnished,good,0.0,0.26,346290,40
30,3.0,1.0,1094,urban,2023,0.0,semi_furnished,good,0.0,0.35,213555,2
31,2.0,2.0,1525,sub_urban,2022,1.0,semi_furnished,good,0.0,0.24,288298,3
32,1.0,1.0,1672,urban,2021,1.0,furnished,good,1.0,0.37,296597,4
33,5.0,1.0,1777,rural,1991,1.0,semi_furnished,new,1.0,0.34,352771,34
34,3.0,1.0,1571,urban,1992,1.0,semi_furnished,new,0.0,0.22,305539,33
35,4.0,2.0,1353,rural,1983,0.0,unfurnished,old,0.0,0.01,254390,42
36,2.0,2.0,1169,rural,2018,1.0,unfurnished,new,1.0,0.17,246458,7
37,1.0,3.0,1534,rural,1981,1.0,furnished,new,0.0,0.51,282897,44
38,4.0,1.0,1071,rural,2005,0.0,furnished,good,0.0,0.3,200107,20
39,3.0,2.0,331,rural,2006,1.0,semi_furnished,new,0.0,0.15,119186,19
40,2.0,2.0,1675,rural,2006,1.0,furnished,good,0.0,0.29,292525,19
41,3.0,3.0,1862,sub_urban,1994,1.0,semi_furnished,new,1.0,0.35,343426,31
42,1.0,2.0,555,urban,1987,1.0,semi_furnished,old,0.0,0.15,126314,38
43,5.0,2.0,1096,urban,1986,0.0,furnished,old,0.0,0.44,195207,39
44,2.0,3.0,1748,sub_urban,2019,0.0,furnished,new,1.0,0.32,338639,6
45,4.0,2.0,2323,urban,1991,0.0,furnished,good,1.0,0.09,398673,34
46,2.0,1.0,1508,urban,1992,1.0,semi_furnished,good,0.0,0.38,259719,33
47,3.0,1.0,1209,urban,2022,0.0,semi_furnished,good,0.0,0.19,224250,3
48,3.0,3.0,1427,rural,1996,0.0,furnished,good,1.0,0.22,278532,29
49,2.0,1.0,2050,urban,1996,1.0,furnished,good,0.0,0.1,342530,29
50,3.0,3.0,1242,sub_urban,2015,1.0,semi_furnished,old,0.0,0.34,243441,10
51,4.0,2.0,1180,urban,2000,1.0,furnished,old,0.0,0.23,223417,25
52,5.0,4.0,1307,rural,1987,0.0,furnished,good,0.0,0.35,236933,38
53,5.0,3.0,1119,urban,1984,0.0,unfurnished,good,1.0,0.17,241976,41
54,3.0,2.0,1549,rural,2005,0.0,semi_furnished,new,0.0,0.15,275708,20
55,5.0,2.0,2150,sub_urban,1995,1.0,semi_furnished,old,0.0,0.14,359299,30
56,1.0,3.0,1629,urban,2015,1.0,furnished,new,0.0,0.31,302316,10
57,2.0,2.0,1399,sub_urban,2007,1.0,furnished,old,0.0,0.15,280607,18
58,1.0,2.0,1383,rural,2008,0.0,furnished,old,0.0,0.22,249039,17
59,2.0,2.0,875,rural,1991,1.0,semi_furnished,old,0.0,0.17,177393,34
60,3.0,3.0,1853,rural,2016,0.0,unfurnished,old,0.0,0.32,317992,9
61,2.0,2.0,1469,sub_urban,2009,0.0,furnished,old,0.0,0.01,265936,16
62,4.0,3.0,1428,urban,2002,1.0,semi_furnished,good,0.0,0.29,262062,23
63,3.0,2.0,2777,rural,1995,1.0,unfurnished,good,0.0,0.51,472703,30
64,2.0,2.0,1620,rural,1993,0.0,semi_furnished,good,0.0,0.44,294542,32
65,3.0,3.0,1199,rural,1989,0.0,unfurnished,old,0.0,0.16,215509,36
66,2.0,1.0,1329,rural,1986,1.0,semi_furnished,old,1.0,0.32,232495,39
67,4.0,1.0,1959,sub_urban,2016,0.0,furnished,new,0.0,0.3,353186,9
68,1.0,2.0,1545,sub_urban,2008,0.0,semi_furnished,new,0.0,0.47,302571,17
69,3.0,1.0,925,urban,1982,0.0,semi_furnished,old,0.0,0.13,167083,43
70,4.0,1.0,1868,sub_urban,1994,0.0,furnished,new,0.0,0.42,337539,31
71,2.0,1.0,1233,rural,2015,0.0,furnished,old,0.0,0.21,216093,10
72,1.0,1.0,2249,sub_urban,1998,1.0,furnished,new,1.0,0.14,393752,27
73,4.0,1.0,1932,sub_urban,1992,0.0,furnished,good,0.0,0.13,346404,33
74,4.0,2.0,1321,sub_urban,2021,1.0,furnished,new,1.0,0.06,276465,4
75,4.0,2.0,2012,urban,2000,1.0,semi_furnished,old,1.0,0.16,357490,25
76,4.0,2.0,1527,urban,2016,1.0,semi_furnished,old,0.0,0.09,254232,9
77,1.0,2.0,1841,urban,2006,1.0,semi_furnished,old,0.0,0.28,317021,19
78,3.0,1.0,1694,urban,2008,1.0,furnished,new,0.0,0.34,321968,17
79,2.0,4.0,1161,urban,1999,0.0,semi_furnished,good,0.0,0.21,204659,26
80,5.0,3.0,1243,urban,2004,1.0,semi_furnished,good,0.0,0.47,233911,21
81,3.0,1.0,1912,urban,1985,1.0,semi_furnished,new,0.0,0.17,351667,40
82,2.0,2.0,1366,rural,2015,1.0,semi_furnished,old,0.0,0.2,232989,10
83,1.0,3.0,1339,sub_urban,1981,1.0,furnished,old,0.0,0.18,225457,44
84,2.0,4.0,1118,sub_urban,2001,1.0,furnished,good,0.0,0.34,198162,24
85,2.0,2.0,1669,rural,2011,1.0,semi_furnished,good,0.0,0.35,306095,14
86,4.0,2.0,2325,rural,1995,0.0,semi_furnished,new,0.0,0.32,397380,30
87,3.0,1.0,1073,sub_urban,1997,1.0,semi_furnished,new,0.0,0.23,229330,28
88,5.0,2.0,1510,urban,1984,1.0,semi_furnished,old,0.0,0.05,264710,41
89,3.0,1.0,2065,rural,2015,1.0,furnished,old,1.0,0.2,383755,10
90,2.0,4.0,1468,rural,2009,0.0,furnished,old,0.0,0.47,249825,16
91,4.0,2.0,1681,sub_urban,1998,1.0,unfurnished,good,0.0,0.4,305268,27
92,4.0,2.0,1075,rural,2002,0.0,furnished,good,0.0,0.29,198898,23
93,3.0,2.0,1671,rural,2013,0.0,semi_furnished,new,0.0,0.19,314452,12
94,4.0,1.0,1425,rural,1992,1.0,furnished,new,1.0,0.25,280549,33
95,3.0,1.0,1894,rural,2022,0.0,semi_furnished,good,0.0,0.19,323769,3
96,3.0,1.0,1975,sub_urban,2008,1.0,semi_furnished,new,0.0,0.43,356478,17
97,3.0,1.0,2536,sub_urban,2015,0.0,furnished,new,0.0,0.12,439331,10
98,1.0,3.0,1732,rural,2001,1.0,semi_furnished,new,0.0,0.39,314207,24
99,2.0,2.0,1630,sub_urban,2015,0.0,semi_furnished,new,0.0,0.17,309972,10
100,1.0,1.0,1578,urban,1988,0.0,unfurnished,new,0.0,0.45,279189,37
101,3.0,2.0,1359,rural,2018,0.0,furnished,good,0.0,0.31,273560,7
102,2.0,3.0,1635,urban,1998,0.0,unfurnished,new,0.0,0.14,309587,27
103,3.0,4.0,1382,urban,2017,0.0,semi_furnished,new,0.0,0.2,269387,8
104,5.0,2.0,1567,rural,1985,0.0,semi_furnished,good,0.0,0.36,305703,40
105,2.0,1.0,2027,sub_urban,1994,1.0,unfurnished,old,0.0,0.18,344957,31
106,3.0,2.0,1097,rural,1999,0.0,furnished,good,0.0,0.25,215664,26
107,4.0,3.0,1956,rural,1988,1.0,semi_furnished,new,1.0,0.17,360427,37
108,2.0,2.0,2027,sub_urban,2011,0.0,unfurnished,old,0.0,0.51,354425,14
109,1.0,1.0,1453,rural,1983,1.0,furnished,new,0.0,0.54,289711,42
110,2.0,3.0,651,sub_urban,1997,1.0,unfurnished,old,0.0,0.47,142739,28
111,2.0,1.0,1257,sub_urban,1984,1.0,unfurnished,good,0.0,0.23,245968,41
112,5.0,1.0,2019,urban,1999,0.0,semi_furnished,old,1.0,0.19,344346,26
113,4.0,2.0,1491,urban,2002,0.0,semi_furnished,old,0.0,0.13,262188,23
114,3.0,2.0,1100,urban,1990,1.0,furnished,new,0.0,0.48,234583,35
115,5.0,2.0,1298,urban,2016,0.0,furnished,old,0.0,0.39,244069,9
116,4.0,1.0,1836,sub_urban,2001,0.0,semi_furnished,good,1.0,0.4,330283,24
117,2.0,3.0,1719,rural,1983,0.0,semi_furnished,good,0.0,0.21,292118,42
118,5.0,1.0,1404,urban,2008,0.0,furnished,new,1.0,0.01,284066,17
119,3.0,1.0,1353,urban,2023,0.0,unfurnished,old,0.0,0.02,239935,2
120,4.0,3.0,1343,urban,2013,1.0,semi_furnished,good,1.0,0.26,250488,12
121,5.0,2.0,1131,sub_urban,1992,0.0,furnished,new,0.0,0.17,224399,33
122,2.0,3.0,2146,sub_urban,2021,1.0,semi_furnished,old,0.0,0.15,347275,4
123,2.0,3.0,1371,rural,1988,0.0,semi_furnished,old,1.0,0.3,256561,37
124,2.0,2.0,1987,rural,2021,0.0,semi_furnished,good,0.0,0.4,351219,4
125,3.0,2.0,2109,sub_urban,2010,1.0,unfurnished,new,0.0,0.14,370022,15
126,4.0,1.0,1899,sub_urban,1986,0.0,furnished,new,0.0,0.05,334629,39
127,5.0,2.0,1327,urban,1983,1.0,semi_furnished,good,1.0,0.15,251657,42
128,1.0,2.0,1661,urban,1998,1.0,semi_furnished,new,1.0,0.09,308059,27
129,3.0,1.0,1490,rural,2021,0.0,semi_furnished,old,0.0,0.34,269746,4
130,3.0,3.0,1139,rural,2009,1.0,furnished,old,0.0,0.25,210356,16
131,2.0,2.0,1630,rural,2010,0.0,furnished,new,1.0,0.53,309825,15
132,2.0,1.0,1028,urban,2014,1.0,furnished,good,0.0,0.36,205643,11
133,2.0,1.0,1975,rural,2000,0.0,furnished,new,1.0,0.52,354925,25
134,5.0,2.0,1314,rural,2010,1.0,furnished,good,0.0,0.04,252085,15
135,2.0,1.0,1580,urban,1998,0.0,semi_furnished,old,0.0,0.24,284611,27
136,3.0,3.0,1613,urban,2010,1.0,furnished,good,1.0,0.29,295902,15
137,4.0,2.0,1396,urban,2011,1.0,semi_furnished,old,1.0,0.27,267755,14
138,3.0,2.0,1735,sub_urban,1981,1.0,furnished,old,0.0,0.23,301844,44
139,3.0,2.0,1310,rural,1989,1.0,semi_furnished,old,0.0,0.26,221661,36
140,3.0,3.0,1849,sub_urban,1981,1.0,semi_furnished,old,0.0,0.08,328515,44
141,2.0,2.0,962,urban,1981,1.0,semi_furnished,new,0.0,0.33,221265,44
142,3.0,2.0,1551,rural,2003,0.0,semi_furnished,old,0.0,0.36,272569,22
143,2.0,2.0,2276,rural,1996,0.0,furnished,old,0.0,0.07,379088,29
144,2.0,1.0,1100,sub_urban,2011,0.0,semi_furnished,good,1.0,0.2,217270,14
145,1.0,3.0,1229,urban,1995,0.0,semi_furnished,good,0.0,0.21,234756,30
146,3.0,3.0,1706,sub_urban,1995,0.0,semi_furnished,good,0.0,0.15,305208,30
147,3.0,2.0,1572,rural,2018,1.0,semi_furnished,old,0.0,0.08,268693,7
148,1.0,3.0,1640,rural,2010,0.0,furnished,old,0.0,0.25,279539,15
149,2.0,3.0,1696,sub_urban,2022,1.0,semi_furnished,new,0.0,0.29,324073,3
150,5.0,3.0,1754,sub_urban,2003,0.0,semi_furnished,old,0.0,0.16,302450,22
151,2.0,3.0,1944,sub_urban,1980,0.0,furnished,old,1.0,0.09,323139,45
152,2.0,2.0,1664,urban,1990,1.0,furnished,new,0.0,0.31,322803,35
153,3.0,2.0,1403,sub_urban,2000,1.0,furnished,good,0.0,0.13,252653,25
154,3.0,2.0,1769,rural,1983,1.0,unfurnished,good,0.0,0.2,312508,42
155,2.0,3.0,2260,rural,1986,1.0,semi_furnished,good,1.0,0.18,391685,39
156,4.0,1.0,1447,rural,2005,0.0,unfurnished,new,0.0,0.44,262463,20
157,4.0,3.0,1110,sub_urban,1991,1.0,unfurnished,old,1.0,0.14,218750,34
158,2.0,3.0,1943,rural,2010,0.0,semi_furnished,old,0.0,0.51,337571,15
159,4.0,1.0,1452,urban,1996,0.0,semi_furnished,old,1.0,0.36,259523,29
160,3.0,3.0,631,rural,2012,1.0,semi_furnished,old,0.0,0.52,138888,13
161,3.0,1.0,1839,rural,1990,0.0,semi_furnished,new,0.0,0.35,335055,35
162,3.0,2.0,1286,sub_urban,2007,0.0,semi_furnished,good,0.0,0.22,219749,18
163,3.0,3.0,1464,sub_urban,2011,1.0,semi_furnished,old,0.0,0.11,253550,14
164,1.0,1.0,1633,sub_urban,1980,1.0,semi_furnished,old,0.0,0.2,283284,45
165,4.0,3.0,1576,urban,2007,0.0,semi_furnished,old,1.0,0.47,279733,18
166,2.0,3.0,1784,sub_urban,2021,0.0,furnished,new,0.0,0.24,321590,4
167,2.0,2.0,1326,urban,1986,0.0,semi_furnished,good,1.0,0.35,257317,39
168,1.0,1.0,1705,rural,1981,0.0,furnished,new,1.0,0.28,307817,44
169,3.0,1.0,1396,urban,2021,1.0,furnished,new,0.0,0.29,288592,4
170,4.0,2.0,1796,sub_urban,2003,0.0,semi_furnished,new,1.0,0.29,314655,22
171,1.0,2.0,1746,sub_urban,1983,1.0,semi_furnished,old,0.0,0.32,281580,42
172,3.0,2.0,1126,sub_urban,2023,0.0,furnished,new,0.0,0.13,237489,2
173,2.0,1.0,1934,urban,1998,1.0,semi_furnished,old,0.0,0.21,320060,27
174,3.0,2.0,1286,rural,2005,0.0,furnished,good,0.0,0.3,229429,20
175,2.0,2.0,1823,sub_urban,1990,1.0,furnished,old,0.0,0.27,326497,35
176,4.0,3.0,1647,sub_urban,2019,0.0,furnished,new,0.0,0.18,301077,6
177,3.0,1.0,2235,sub_urban,2022,1.0,semi_furnished,good,0.0,0.31,398954,3
178,5.0,3.0,1411,urban,1990,0.0,furnished,good,0.0,0.13,248746,35
179,2.0,2.0,1360,sub_urban,1982,0.0,semi_furnished,new,0.0,0.07,259225,43
180,2.0,2.0,1492,sub_urban,1991,1.0,furnished,old,0.0,0.29,257086,34
181,2.0,2.0,1379,urban,1982,1.0,semi_furnished,old,0.0,0.07,234252,43
182,5.0,2.0,1820,rural,2021,1.0,semi_furnished,old,0.0,0.29,339706,4
183,5.0,4.0,853,sub_urban,2006,1.0,semi_furnished,old,0.0,0.04,185515,19
184,2.0,1.0,1079,rural,1981,1.0,semi_furnished,new,0.0,0.14,210984,44
185,4.0,4.0,1073,sub_urban,1995,0.0,furnished,new,0.0,0.2,213366,30
186,4.0,2.0,1880,rural,1981,0.0,semi_furnished,good,0.0,0.01,338162,44
187,3.0,1.0,2184,urban,2009,0.0,furnished,old,1.0,0.19,366718,16
188,3.0,2.0,1458,sub_urban,1999,1.0,semi_furnished,old,0.0,0.43,254359,26
189,2.0,3.0,1432,rural,2017,0.0,unfurnished,old,1.0,0.06,270101,8
190,1.0,1.0,1528,urban,2007,0.0,semi_furnished,old,1.0,0.2,300505,18
191,5.0,2.0,1965,rural,2004,1.0,semi_furnished,new,1.0,0.51,363288,21
192,5.0,2.0,1129,sub_urban,2011,1.0,furnished,old,1.0,0.09,234248,14
193,3.0,2.0,1595,sub_urban,1989,0.0,semi_furnished,good,0.0,0.46,272076,36
194,2.0,1.0,1890,rural,2021,0.0,unfurnished,new,0.0,0.21,346511,4
195,2.0,3.0,1700,rural,2019,0.0,semi_furnished,good,0.0,0.27,300404,6
196,4.0,2.0,1576,urban,2012,0.0,furnished,new,0.0,0.44,312666,13
197,5.0,2.0,1900,sub_urban,1992,0.0,semi_furnished,old,1.0,0.18,346587,33
198,5.0,3.0,419,sub_urban,2020,1.0,semi_furnished,new,0.0,0.34,149844,5
199,4.0,1.0,1771,rural,2021,1.0,furnished,good,1.0,0.38,320095,4
200,3.0,3.0,1238,urban,2016,1.0,semi_furnished,old,0.0,0.15,234455,9
201,1.0,1.0,768,sub_urban,1995,0.0,semi_furnished,old,1.0,0.14,165152,30
202,2.0,1.0,1704,urban,2001,1.0,semi_furnished,good,0.0,0.22,299435,24
203,5.0,2.0,2049,sub_urban,1999,0.0,unfurnished,good,0.0,0.22,353661,26
204,3.0,2.0,1445,rural,2022,1.0,semi_furnished,old,0.0,0.09,275440,3
205,1.0,3.0,1881,urban,2006,1.0,furnished,old,1.0,0.15,330046,19
206,2.0,2.0,2145,urban,2020,0.0,furnished,old,0.0,0.27,358916,5
207,4.0,2.0,2026,urban,1995,0.0,unfurnished,good,1.0,0.2,347403,30
208,1.0,1.0,2156,urban,2013,1.0,semi_furnished,new,1.0,0.38,379763,12
209,2.0,2.0,1797,urban,2011,0.0,furnished,old,1.0,0.0,327490,14
210,3.0,2.0,1530,rural,2005,1.0,unfurnished,new,0.0,0.18,283643,20
211,4.0,2.0,859,sub_urban,2004,0.0,furnished,new,1.0,0.62,183739,21
212,4.0,1.0,1402,sub_urban,1981,1.0,semi_furnished,new,1.0,0.25,278991,44
213,2.0,3.0,1163,rural,1991,0.0,semi_furnished,good,0.0,0.45,217744,34
214,4.0,2.0,2368,rural,2019,0.0,semi_furnished,good,0.0,0.1,398945,6
215,2.0,1.0,1430,rural,1988,1.0,furnished,old,0.0,0.32,265406,37
216,2.0,1.0,1549,rural,1991,0.0,furnished,new,0.0,0.07,280096,34
217,4.0,2.0,1721,urban,2005,0.0,furnished,new,0.0,0.31,292580,20
218,3.0,2.0,1517,sub_urban,1988,0.0,semi_furnished,new,0.0,0.38,293682,37
219,4.0,1.0,2178,sub_urban,1989,0.0,semi_furnished,good,0.0,0.34,361418,36
220,4.0,2.0,1251,sub_urban,2011,0.0,semi_furnished,good,0.0,0.2,227860,14
221,3.0,1.0,1578,urban,2013,0.0,semi_furnished,new,0.0,0.29,287355,12
222,1.0,2.0,1203,sub_urban,1999,1.0,semi_furnished,new,0.0,0.29,236046,26
223,3.0,4.0,972,rural,2018,0.0,semi_furnished,good,1.0,0.35,198858,7
224,2.0,2.0,1255,rural,1981,1.0,semi_furnished,new,0.0,0.23,254531,44
225,2.0,2.0,1485,rural,1980,0.0,furnished,good,0.0,0.39,280401,45
226,3.0,2.0,1328,sub_urban,2015,0.0,semi_furnished,old,0.0,0.47,235608,10
227,3.0,1.0,1223,sub_urban,2003,1.0,unfurnished,new,0.0,0.2,229870,22
228,5.0,2.0,937,sub_urban,2006,0.0,furnished,good,0.0,0.26,181731,19
229,3.0,2.0,1467,rural,1981,1.0,semi_furnished,old,1.0,0.11,267841,44
230,4.0,3.0,898,urban,2010,0.0,semi_furnished,new,0.0,0.3,190736,15
231,3.0,1.0,1804,sub_urban,1993,1.0,semi_furnished,new,1.0,0.3,331396,32
232,3.0,1.0,1533,rural,1981,1.0,semi_furnished,old,0.0,0.26,258380,44
233,3.0,1.0,917,sub_urban,2008,1.0,semi_furnished,new,0.0,0.27,177261,17
234,2.0,2.0,1376,rural,1994,1.0,unfurnished,new,0.0,0.54,255353,31
235,4.0,2.0,1199,urban,1991,1.0,semi_furnished,new,0.0,0.18,250894,34
236,2.0,3.0,1628,urban,2016,0.0,unfurnished,new,1.0,0.18,313960,9
237,1.0,2.0,2036,rural,2007,0.0,semi_furnished,good,0.0,0.2,350085,18
238,3.0,2.0,750,rural,1999,1.0,furnished,old,1.0,0.47,166798,26
239,2.0,1.0,1546,rural,2018,0.0,semi_furnished,good,0.0,0.32,267821,7
240,5.0,3.0,1436,rural,2003,0.0,semi_furnished,good,0.0,0.32,261768,22
241,3.0,3.0,1769,sub_urban,2000,1.0,semi_furnished,new,0.0,0.44,307686,25
242,5.0,3.0,1585,rural,1989,0.0,unfurnished,new,1.0,0.22,301210,36
243,3.0,3.0,1199,rural,1993,1.0,furnished,good,0.0,0.35,226245,32
244,1.0,3.0,1372,rural,2016,1.0,semi_furnished,old,0.0,0.17,257033,9
245,5.0,2.0,1182,rural,1997,1.0,furnished,good,0.0,0.09,238576,28
246,3.0,1.0,1930,rural,2003,1.0,semi_furnished,old,0.0,0.52,343060,22
247,3.0,1.0,1509,rural,1993,0.0,furnished,good,0.0,0.31,258061,32
248,3.0,4.0,2260,urban,2013,0.0,furnished,good,0.0,0.35,398627,12
249,5.0,2.0,1476,rural,1991,1.0,furnished,new,1.0,0.09,284705,34
250,2.0,3.0,1217,urban,2001,0.0,semi_furnished,old,1.0,0.33,210249,24
251,3.0,2.0,895,rural,1985,1.0,unfurnished,good,0.0,0.52,180362,40
252,5.0,1.0,779,rural,2015,1.0,semi_furnished,new,0.0,0.21,181521,10
253,2.0,1.0,866,rural,2015,1.0,semi_furnished,old,0.0,0.06,167961,10
254,2.0,2.0,1607,rural,2001,0.0,semi_furnished,good,0.0,0.28,299779,24
255,3.0,2.0,1703,sub_urban,1993,1.0,semi_furnished,good,0.0,0.09,290017,32
256,5.0,1.0,868,rural,1995,1.0,furnished,good,1.0,0.02,181589,30
257,4.0,2.0,1858,sub_urban,2015,1.0,furnished,good,1.0,0.14,332253,10
258,3.0,1.0,1307,urban,2004,0.0,semi_furnished,good,0.0,0.18,224960,21
259,1.0,2.0,1559,rural,2011,1.0,furnished,new,1.0,0.1,288319,14
260,3.0,1.0,2145,rural,2012,1.0,semi_furnished,good,0.0,0.45,367231,13
261,3.0,3.0,1859,sub_urban,2015,1.0,semi_furnished,new,0.0,0.53,340749,10
262,2.0,2.0,1393,sub_urban,1999,1.0,unfurnished,new,1.0,0.34,245935,26
263,3.0,2.0,1144,sub_urban,1997,0.0,semi_furnished,old,0.0,0.31,218366,28
264,5.0,1.0,639,sub_urban,2017,1.0,semi_furnished,old,0.0,0.23,151517,8
265,4.0,1.0,1212,urban,1982,1.0,unfurnished,good,0.0,0.12,240215,43
266,4.0,2.0,1416,urban,2002,0.0,semi_furnished,good,0.0,0.49,243083,23
267,4.0,2.0,1105,rural,2011,1.0,furnished,good,1.0,0.24,222222,14
268,3.0,2.0,1447,sub_urban,1995,1.0,semi_furnished,new,0.0,0.18,280664,30
269,2.0,1.0,1531,rural,1984,1.0,semi_furnished,old,0.0,0.4,281925,41
270,4.0,2.0,1410,rural,1983,1.0,furnished,old,0.0,0.24,268089,42
271,4.0,3.0,1240,rural,2000,1.0,furnished,old,0.0,0.4,232227,25
272,5.0,3.0,1567,rural,2019,1.0,unfurnished,good,0.0,0.19,288490,6
273,5.0,1.0,1677,rural,1993,0.0,furnished,good,0.0,0.4,279771,32
274,3.0,2.0,1064,sub_urban,2018,0.0,furnished,new,0.0,0.4,229049,7
275,3.0,1.0,2064,rural,2010,1.0,unfurnished,old,1.0,0.45,359197,15
276,4.0,1.0,1461,urban,1993,1.0,semi_furnished,old,0.0,0.14,263289,32
277,3.0,2.0,1508,urban,1985,1.0,unfurnished,old,0.0,0.24,268072,40
278,4.0,1.0,1783,rural,1991,1.0,unfurnished,good,0.0,0.54,291903,34
279,4.0,2.0,1593,rural,1995,0.0,unfurnished,old,0.0,0.21,270035,30
280,5.0,2.0,1881,rural,1996,1.0,semi_furnished,good,1.0,0.37,343089,29
281,2.0,3.0,1615,rural,2002,0.0,unfurnished,old,0.0,0.59,282364,23
282,3.0,2.0,1255,sub_urban,1993,1.0,semi_furnished,new,1.0,0.03,258668,32
283,1.0,1.0,1645,sub_urban,1986,1.0,unfurnished,good,1.0,0.21,308988,39
284,3.0,2.0,1043,rural,2011,0.0,semi_furnished,old,1.0,0.25,197618,14
285,1.0,2.0,1543,rural,1994,0.0,semi_furnished,new,1.0,0.02,287298,31
286,3.0,1.0,1487,urban,2023,1.0,semi_furnished,new,0.0,0.18,286438,2
287,3.0,2.0,1417,urban,1996,1.0,furnished,good,0.0,0.1,269685,29
288,2.0,1.0,1449,rural,2020,0.0,furnished,good,0.0,0.38,264209,5
289,3.0,1.0,747,rural,2023,1.0,furnished,new,0.0,0.01,154039,2
290,1.0,2.0,1281,sub_urban,2013,1.0,unfurnished,old,0.0,0.53,237968,12
291,1.0,1.0,1537,sub_urban,1984,1.0,semi_furnished,new,0.0,0.35,289883,41
292,4.0,2.0,1564,urban,2006,1.0,unfurnished,new,0.0,0.09,309570,19
293,3.0,2.0,1089,rural,2002,1.0,furnished,new,1.0,0.4,233756,23
294,2.0,3.0,2006,rural,2019,1.0,semi_furnished,new,0.0,0.34,350040,6
295,3.0,1.0,1154,rural,1993,1.0,furnished,old,0.0,0.24,212836,32
296,4.0,1.0,1888,rural,1994,1.0,semi_furnished,old,0.0,0.14,331951,31
297,2.0,1.0,1671,rural,2022,0.0,semi_furnished,good,1.0,0.33,315912,3
298,3.0,2.0,1242,urban,2012,1.0,furnished,good,0.0,0.27,243971,13
299,1.0,3.0,2210,sub_urban,2010,0.0,semi_furnished,new,0.0,0.15,386184,15
300,1.0,1.0,1023,urban,2014,0.0,semi_furnished,old,0.0,0.05,205035,11
301,3.0,4.0,1868,sub_urban,1996,0.0,furnished,new,0.0,0.12,328194,29
302,3.0,1.0,1900,urban,2007,0.0,semi_furnished,new,0.0,0.17,343446,18
303,3.0,2.0,1232,sub_urban,1998,1.0,semi_furnished,good,0.0,0.42,237098,27
304,4.0,3.0,2057,urban,2002,0.0,semi_furnished,good,1.0,0.38,366916,23
305,3.0,3.0,1400,sub_urban,2011,1.0,semi_furnished,new,0.0,0.18,278391,14
306,3.0,3.0,1615,urban,2019,1.0,furnished,new,0.0,0.19,311989,6
307,2.0,3.0,1604,sub_urban,1992,1.0,furnished,new,0.0,0.4,288713,33
308,4.0,2.0,1446,rural,1999,0.0,unfurnished,old,0.0,0.29,257076,26
309,2.0,3.0,1824,rural,2014,1.0,furnished,good,1.0,0.29,324508,11
310,3.0,1.0,1817,rural,1984,1.0,unfurnished,new,0.0,0.14,326655,41
311,1.0,3.0,801,sub_urban,1988,1.0,semi_furnished,old,0.0,0.23,151262,37
312,1.0,2.0,2022,rural,2008,1.0,semi_furnished,old,0.0,0.25,353550,17
313,3.0,3.0,835,sub_urban,1985,1.0,semi_furnished,new,0.0,0.24,157798,40
314,4.0,2.0,1913,sub_urban,2004,1.0,semi_furnished,old,0.0,0.36,339123,21
315,4.0,2.0,1951,rural,2010,0.0,semi_furnished,good,0.0,0.36,340003,15
316,3.0,2.0,1064,rural,2001,1.0,semi_furnished,new,0.0,0.11,239022,24
317,2.0,3.0,1336,urban,1981,0.0,furnished,good,1.0,0.17,246754,44
318,2.0,1.0,1058,rural,1984,1.0,semi_furnished,good,0.0,0.15,203651,41
319,2.0,1.0,1414,urban,2006,0.0,furnished,good,0.0,0.46,265325,19
320,3.0,1.0,1377,rural,2004,0.0,furnished,new,0.0,0.59,261085,21
321,4.0,1.0,1812,urban,1987,1.0,semi_furnished,old,0.0,0.18,317148,38
322,4.0,3.0,2024,urban,1980,1.0,semi_furnished,good,1.0,0.22,366744,45
323,2.0,1.0,2058,sub_urban,1999,0.0,furnished,new,1.0,0.38,368025,26
324,3.0,2.0,1275,sub_urban,2023,1.0,semi_furnished,good,0.0,0.14,258003,2
325,4.0,2.0,1416,sub_urban,2002,1.0,semi_furnished,old,0.0,0.38,241209,23
326,3.0,1.0,827,rural,2011,0.0,semi_furnished,good,0.0,0.25,187485,14
327,3.0,3.0,1178,urban,1990,1.0,semi_furnished,new,0.0,0.01,217018,35
328,3.0,2.0,1886,urban,2018,0.0,semi_furnished,new,0.0,0.05,355222,7
329,2.0,2.0,2146,urban,2003,1.0,semi_furnished,old,0.0,0.2,349035,22
330,3.0,2.0,1006,urban,1990,1.0,unfurnished,new,0.0,0.43,228906,35
331,4.0,3.0,1263,sub_urban,2008,0.0,furnished,good,0.0,0.12,237859,17
332,1.0,1.0,1489,sub_urban,2005,1.0,furnished,good,0.0,0.17,265101,20
333,2.0,2.0,1612,sub_urban,1995,0.0,semi_furnished,old,1.0,0.28,306651,30
334,1.0,2.0,1176,urban,2014,1.0,furnished,good,1.0,0.0,225511,11
335,1.0,2.0,1670,rural,1999,1.0,semi_furnished,new,0.0,0.29,308226,26
336,5.0,1.0,1310,sub_urban,1982,1.0,semi_furnished,good,0.0,0.02,269147,43
337,4.0,2.0,1494,sub_urban,1980,0.0,semi_furnished,new,0.0,0.34,279255,45
338,3.0,1.0,1719,sub_urban,1980,0.0,semi_furnished,new,0.0,0.13,288790,45
339,1.0,1.0,1503,urban,1996,0.0,semi_furnished,old,1.0,0.11,269117,29
340,3.0,1.0,1325,sub_urban,1981,0.0,semi_furnished,new,0.0,0.29,246532,44
341,3.0,2.0,1456,urban,2008,1.0,semi_furnished,new,0.0,0.37,282085,17
342,2.0,3.0,1465,rural,1999,1.0,semi_furnished,good,0.0,0.31,269306,26
343,3.0,3.0,1352,rural,1985,1.0,semi_furnished,old,0.0,0.28,250459,40
344,3.0,3.0,1396,urban,1987,1.0,furnished,old,0.0,0.28,236719,38
345,3.0,2.0,2139,sub_urban,2008,1.0,unfurnished,new,0.0,0.31,372171,17
346,3.0,2.0,1724,urban,2012,1.0,semi_furnished,good,1.0,0.32,321318,13
347,1.0,2.0,1382,sub_urban,1982,1.0,semi_furnished,new,0.0,0.19,251279,43
348,3.0,2.0,1779,sub_urban,2014,1.0,unfurnished,old,0.0,0.35,325809,11
349,3.0,1.0,1366,rural,1984,0.0,semi_furnished,new,0.0,0.13,249479,41
350,3.0,3.0,1969,urban,2006,0.0,furnished,old,0.0,0.41,338183,19
351,5.0,2.0,1648,sub_urban,2023,1.0,semi_furnished,new,0.0,0.37,310950,2
352,4.0,2.0,1457,sub_urban,1991,0.0,semi_furnished,good,0.0,0.58,251803,34
353,2.0,3.0,1679,rural,1999,0.0,furnished,old,0.0,0.33,292455,26
354,1.0,2.0,872,rural,1999,1.0,semi_furnished,new,0.0,0.39,177681,26
355,3.0,3.0,1049,sub_urban,1988,1.0,semi_furnished,good,1.0,0.02,207714,37
356,1.0,4.0,1022,rural,2018,1.0,unfurnished,good,1.0,0.39,214403,7
357,3.0,2.0,1557,urban,1983,0.0,furnished,old,0.0,0.43,256077,42
358,5.0,1.0,2193,sub_urban,1998,0.0,furnished,old,0.0,0.48,374985,27
359,3.0,2.0,2393,sub_urban,2017,1.0,semi_furnished,new,0.0,0.27,425154,8
360,3.0,4.0,1755,urban,2006,1.0,furnished,old,0.0,0.2,309970,19
361,3.0,1.0,1700,sub_urban,2022,1.0,semi_furnished,good,0.0,0.09,309625,3
362,3.0,2.0,780,sub_urban,1992,1.0,semi_furnished,new,1.0,0.1,166093,33
363,3.0,2.0,1283,rural,1992,1.0,unfurnished,good,0.0,0.25,241049,33
364,5.0,3.0,1185,urban,2001,1.0,semi_furnished,good,1.0,0.01,241381,24
365,3.0,1.0,1252,rural,2007,0.0,semi_furnished,good,0.0,0.13,222497,18
366,3.0,3.0,1433,sub_urban,2001,1.0,unfurnished,old,0.0,0.26,249242,24
367,5.0,4.0,1311,urban,2022,1.0,semi_furnished,new,0.0,0.26,258789,3
368,2.0,1.0,708,rural,1998,1.0,unfurnished,old,0.0,0.1,147287,27
369,1.0,1.0,1799,sub_urban,1987,1.0,semi_furnished,old,0.0,0.06,312288,38
370,2.0,2.0,1071,sub_urban,1987,1.0,unfurnished,old,0.0,0.09,200333,38
371,1.0,1.0,1596,urban,2021,0.0,semi_furnished,new,0.0,0.22,300400,4
372,1.0,3.0,2330,urban,2005,1.0,furnished,old,0.0,0.57,407918,20
373,4.0,2.0,1132,urban,2005,0.0,unfurnished,old,0.0,0.41,216384,20
374,1.0,1.0,488,sub_urban,2002,1.0,unfurnished,old,0.0,0.28,119362,23
375,2.0,3.0,1386,sub_urban,2022,0.0,semi_furnished,new,0.0,0.33,256433,3
376,4.0,2.0,1940,rural,1992,0.0,furnished,new,0.0,0.4,337380,33
377,1.0,2.0,2283,rural,2007,1.0,furnished,new,0.0,0.35,412467,18
378,4.0,2.0,1008,rural,1988,1.0,furnished,good,0.0,0.2,194315,37
379,2.0,2.0,1699,rural,1999,1.0,semi_furnished,old,1.0,0.12,297172,26
380,2.0,1.0,1314,rural,1998,0.0,unfurnished,new,1.0,0.23,279880,27
381,4.0,2.0,1458,urban,2018,1.0,unfurnished,new,0.0,0.4,297745,7
382,3.0,2.0,2558,rural,1991,0.0,furnished,good,0.0,0.21,425855,34
383,5.0,1.0,899,rural,1994,1.0,semi_furnished,new,0.0,0.08,178023,31
384,4.0,2.0,1601,urban,2010,1.0,furnished,new,1.0,0.01,311584,15
385,4.0,2.0,1687,rural,1993,1.0,semi_furnished,old,0.0,0.23,291949,32
386,2.0,3.0,1934,sub_urban,1990,0.0,furnished,new,0.0,0.1,352185,35
387,2.0,1.0,1539,urban,2005,1.0,unfurnished,new,1.0,0.18,294159,20
388,4.0,2.0,1623,urban,2021,0.0,furnished,good,0.0,0.47,309304,4
389,4.0,2.0,1343,rural,2006,1.0,semi_furnished,good,0.0,0.24,247663,19
390,3.0,1.0,1608,sub_urban,1990,0.0,semi_furnished,good,0.0,0.14,308047,35
391,3.0,1.0,1363,sub_urban,2017,1.0,furnished,old,0.0,0.3,250001,8
392,3.0,1.0,1749,urban,2013,0.0,semi_furnished,new,1.0,0.54,340993,12
393,4.0,2.0,1352,urban,2022,1.0,furnished,old,1.0,0.23,253999,3
394,2.0,2.0,1651,rural,1998,1.0,semi_furnished,new,0.0,0.1,294336,27
395,5.0,3.0,1488,urban,1985,1.0,semi_furnished,new,0.0,0.35,257338,40
396,5.0,2.0,1950,urban,2017,0.0,semi_furnished,old,0.0,0.3,348866,8
397,3.0,1.0,1479,urban,2021,1.0,unfurnished,old,0.0,0.26,266930,4
398,4.0,2.0,791,sub_urban,2007,1.0,semi_furnished,good,0.0,0.22,157774,18
399,4.0,3.0,2005,sub_urban,1980,1.0,furnished,new,0.0,0.13,370132,45
400,2.0,1.0,1138,rural,2014,0.0,unfurnished,good,0.0,0.48,230260,11
401,5.0,1.0,1238,rural,2019,1.0,semi_furnished,good,0.0,0.03,253524,6
402,3.0,1.0,1262,sub_urban,1987,1.0,semi_furnished,old,0.0,0.2,218502,38
403,4.0,3.0,2050,rural,1986,0.0,semi_furnished,new,0.0,0.2,372364,39
404,2.0,2.0,646,sub_urban,1990,0.0,unfurnished,old,0.0,0.38,138940,35
405,5.0,2.0,2755,sub_urban,2018,1.0,semi_furnished,good,0.0,0.44,481326,7
406,3.0,3.0,1922,urban,1983,0.0,furnished,old,0.0,0.22,330527,42
407,1.0,3.0,1589,sub_urban,2004,0.0,semi_furnished,new,0.0,0.28,296080,21
408,5.0,2.0,1478,sub_urban,1991,1.0,furnished,new,0.0,0.29,292700,34
409,1.0,3.0,1614,rural,2005,1.0,unfurnished,good,0.0,0.41,301819,20
410,2.0,1.0,1708,urban,2017,0.0,semi_furnished,good,0.0,0.4,315618,8
411,3.0,1.0,1758,sub_urban,1991,1.0,furnished,old,0.0,0.17,302220,34
412,3.0,1.0,1722,sub_urban,2022,0.0,unfurnished,old,0.0,0.32,301176,3
413,3.0,1.0,1536,sub_urban,2016,0.0,semi_furnished,good,1.0,0.31,268462,9
414,3.0,2.0,1421,urban,2003,0.0,semi_furnished,old,0.0,0.23,248349,22
415,3.0,4.0,1439,rural,1995,1.0,semi_furnished,old,0.0,0.31,267954,30
416,2.0,1.0,1422,urban,1992,0.0,unfurnished,old,0.0,0.25,257542,33
417,2.0,1.0,1954,rural,2004,0.0,semi_furnished,good,0.0,0.27,329305,21
418,4.0,2.0,1737,rural,1983,1.0,semi_furnished,new,0.0,0.05,330173,42
419,4.0,4.0,324,sub_urban,1990,1.0,unfurnished,new,0.0,0.11,136531,35
420,4.0,2.0,1762,urban,2011,0.0,semi_furnished,old,0.0,0.37,297673,14
421,4.0,2.0,1578,urban,1986,1.0,semi_furnished,new,0.0,0.07,292041,39
422,1.0,1.0,1493,rural,1990,0.0,furnished,good,0.0,0.32,260934,35
423,3.0,1.0,1345,sub_urban,2007,1.0,furnished,new,0.0,0.24,262401,18
424,1.0,2.0,1950,rural,2020,1.0,semi_furnished,old,1.0,0.4,351439,5
425,3.0,2.0,1879,sub_urban,2002,1.0,unfurnished,old,0.0,0.35,320477,23
426,3.0,1.0,1191,urban,2002,0.0,semi_furnished,new,1.0,0.18,238481,23
427,5.0,2.0,1663,sub_urban,2007,0.0,semi_furnished,good,1.0,0.22,303922,18
428,3.0,2.0,1111,urban,2022,0.0,semi_furnished,good,0.0,0.05,220966,3
429,2.0,3.0,948,urban,2005,0.0,furnished,old,0.0,0.23,198065,20
430,2.0,2.0,1249,urban,2004,0.0,semi_furnished,new,0.0,0.06,243205,21
431,4.0,2.0,1845,rural,2008,1.0,semi_furnished,new,1.0,0.22,339932,17
432,3.0,2.0,1881,rural,1998,1.0,furnished,new,1.0,0.15,350913,27
433,2.0,2.0,1705,urban,2012,1.0,furnished,good,0.0,0.12,307352,13
434,1.0,1.0,1790,rural,2015,1.0,semi_furnished,good,1.0,0.43,326772,10
435,4.0,1.0,1706,sub_urban,1993,1.0,unfurnished,new,0.0,0.06,319550,32
436,1.0,2.0,1243,sub_urban,1993,1.0,semi_furnished,good,0.0,0.11,231419,32
437,4.0,3.0,1673,urban,2014,0.0,unfurnished,new,1.0,0.15,310646,11
438,4.0,1.0,1820,sub_urban,2009,1.0,semi_furnished,good,1.0,0.18,313007,16
439,1.0,2.0,1802,sub_urban,2007,1.0,furnished,new,0.0,0.12,328621,18
440,1.0,2.0,1976,sub_urban,1996,1.0,furnished,good,1.0,0.2,335175,29
441,3.0,1.0,1783,sub_urban,1982,1.0,furnished,new,0.0,0.3,317656,43
442,3.0,2.0,1641,rural,1995,0.0,semi_furnished,good,1.0,0.35,303145,30
443,3.0,2.0,1928,urban,2009,0.0,furnished,old,1.0,0.34,323148,16
444,4.0,3.0,1489,sub_urban,2008,1.0,unfurnished,old,1.0,0.04,270252,17
445,5.0,1.0,1147,sub_urban,1994,0.0,semi_furnished,old,0.0,0.31,211705,31
446,3.0,2.0,1435,rural,2004,1.0,furnished,old,1.0,0.32,265864,21
447,4.0,3.0,1202,sub_urban,2017,1.0,unfurnished,old,0.0,0.15,219087,8
448,3.0,4.0,1230,sub_urban,2021,1.0,furnished,old,1.0,0.5,244154,4
449,1.0,2.0,1442,sub_urban,2017,1.0,furnished,good,0.0,0.41,274541,8
450,4.0,2.0,1183,rural,2002,0.0,semi_furnished,new,0.0,0.22,233065,23
451,3.0,2.0,1377,urban,2004,0.0,semi_furnished,new,0.0,0.16,258292,21
452,3.0,3.0,743,urban,2021,1.0,semi_furnished,good,0.0,0.5,174497,4
453,5.0,2.0,1585,sub_urban,1986,1.0,semi_furnished,old,0.0,0.25,267043,39
454,2.0,1.0,1500,urban,2001,1.0,semi_furnished,new,0.0,0.26,292274,24
455,3.0,4.0,1173,urban,1996,0.0,furnished,good,0.0,0.26,224547,29
456,1.0,2.0,1764,sub_urban,1997,0.0,semi_furnished,good,0.0,0.6,311190,28
457,3.0,2.0,1875,urban,2020,1.0,unfurnished,good,0.0,0.22,330351,5
458,1.0,1.0,857,sub_urban,1989,0.0,semi_furnished,good,1.0,0.25,159650,36
459,2.0,2.0,1195,rural,1989,1.0,unfurnished,new,0.0,0.13,251124,36
460,2.0,2.0,1192,sub_urban,1986,0.0,unfurnished,new,0.0,0.19,239587,39
461,3.0,2.0,1124,urban,2017,1.0,furnished,good,1.0,0.1,219586,8
462,4.0,1.0,1832,sub_urban,2006,1.0,semi_furnished,new,0.0,0.13,338788,19
463,3.0,2.0,1422,rural,2012,1.0,furnished,good,1.0,0.02,274788,13
464,3.0,2.0,1394,urban,1980,0.0,semi_furnished,old,1.0,0.38,246470,45
465,3.0,1.0,698,sub_urban,2023,1.0,semi_furnished,good,1.0,0.27,178418,2
466,2.0,2.0,1754,rural,2013,1.0,semi_furnished,old,0.0,0.29,306592,12
467,5.0,2.0,1004,urban,1983,1.0,unfurnished,old,0.0,0.24,205961,42
468,2.0,3.0,1524,urban,1996,1.0,furnished,good,0.0,0.26,283343,29
469,3.0,3.0,1611,sub_urban,1983,1.0,furnished,good,0.0,0.49,298016,42
470,1.0,2.0,2044,rural,2022,1.0,unfurnished,old,0.0,0.13,361991,3
471,3.0,3.0,976,urban,2005,1.0,furnished,new,0.0,0.29,212927,20
472,1.0,3.0,292,urban,1983,0.0,semi_furnished,good,0.0,0.29,87752,42
473,5.0,2.0,1574,urban,1980,0.0,furnished,new,1.0,0.42,287032,45
474,3.0,2.0,2220,sub_urban,1986,0.0,unfurnished,old,0.0,0.32,371025,39
475,3.0,2.0,1996,rural,2009,1.0,unfurnished,good,0.0,0.32,355564,16
476,1.0,3.0,1584,rural,1988,1.0,semi_furnished,good,0.0,0.06,292593,37
477,3.0,3.0,1303,sub_urban,2014,1.0,semi_furnished,new,0.0,0.13,263463,11
478,3.0,3.0,1823,rural,1987,0.0,semi_furnished,good,0.0,0.07,295092,38
479,3.0,2.0,1111,urban,2003,0.0,semi_furnished,good,1.0,0.12,217318,22
480,3.0,3.0,1691,urban,1998,1.0,semi_furnished,new,0.0,0.31,310267,27
481,4.0,1.0,1702,urban,2015,1.0,furnished,new,1.0,0.21,314467,10
482,3.0,2.0,1924,sub_urban,2022,0.0,semi_furnished,old,0.0,0.31,342238,3
483,3.0,1.0,2604,rural,2006,1.0,semi_furnished,new,1.0,0.26,438747,19
484,3.0,2.0,1657,urban,2011,0.0,semi_furnished,good,1.0,0.29,311316,14
485,5.0,2.0,1296,urban,1993,0.0,furnished,new,0.0,0.45,261492,32
486,1.0,2.0,1490,rural,1997,1.0,semi_furnished,old,1.0,0.25,273002,28
487,2.0,2.0,792,sub_urban,2007,0.0,semi_furnished,old,1.0,0.35,166657,18
488,3.0,2.0,1222,urban,2008,1.0,furnished,new,1.0,0.2,256776,17
489,5.0,2.0,1336,rural,1995,0.0,semi_furnished,old,0.0,0.37,231963,30
490,3.0,1.0,1290,urban,2014,0.0,furnished,new,0.0,0.06,258108,11
491,3.0,2.0,1561,sub_urban,2010,0.0,semi_furnished,good,0.0,0.03,272172,15
492,2.0,1.0,1171,rural,1983,1.0,furnished,old,0.0,0.57,205276,42
493,2.0,1.0,1948,rural,2016,1.0,semi_furnished,new,0.0,0.53,358560,9
494,3.0,2.0,1500,urban,1996,1.0,semi_furnished,good,0.0,0.04,274133,29
495,3.0,2.0,1496,urban,2018,0.0,furnished,good,1.0,0.24,262990,7
496,3.0,2.0,1369,rural,2005,0.0,furnished,old,0.0,0.27,260703,20
497,1.0,2.0,1562,sub_urban,2018,1.0,unfurnished,good,0.0,0.36,283953,7
498,3.0,2.0,1830,rural,2020,1.0,furnished,good,0.0,0.51,333807,5
499,3.0,3.0,1153,rural,1983,1.0,furnished,old,0.0,0.09,230802,42
500,4.0,2.0,1237,urban,2009,0.0,unfurnished,old,0.0,0.1,230026,16
501,3.0,2.0,1379,urban,2009,1.0,semi_furnished,new,1.0,0.25,288583,16
502,2.0,1.0,962,sub_urban,2001,1.0,semi_furnished,new,0.0,0.11,191069,24
503,4.0,2.0,1172,sub_urban,1990,0.0,unfurnished,old,0.0,0.16,228210,35
504,4.0,2.0,1310,sub_urban,1981,1.0,furnished,old,0.0,0.22,229641,44
505,2.0,2.0,1850,urban,2023,0.0,furnished,old,1.0,0.38,323589,2
506,5.0,2.0,1605,urban,1991,1.0,furnished,old,0.0,0.25,264603,34
507,4.0,2.0,1577,urban,2009,1.0,unfurnished,good,0.0,0.34,291234,16
508,5.0,2.0,1840,rural,2015,1.0,unfurnished,good,0.0,0.32,330509,10
509,4.0,3.0,1445,rural,1997,1.0,furnished,new,0.0,0.1,284018,28
510,3.0,3.0,1656,sub_urban,2005,0.0,semi_furnished,good,0.0,0.26,280284,20
511,3.0,3.0,1459,sub_urban,1986,1.0,semi_furnished,old,1.0,0.02,267000,39
512,5.0,2.0,1606,urban,1980,0.0,semi_furnished,good,0.0,0.17,286220,45
513,5.0,1.0,1267,rural,2005,0.0,semi_furnished,new,0.0,0.26,252398,20
514,1.0,1.0,524,sub_urban,2002,1.0,semi_furnished,good,0.0,0.25,121473,23
515,1.0,1.0,1446,rural,2005,1.0,furnished,old,1.0,0.06,245047,20
516,3.0,2.0,2069,urban,1985,1.0,semi_furnished,old,1.0,0.09,361615,40
517,4.0,3.0,1870,rural,1985,0.0,unfurnished,new,0.0,0.29,331242,40
518,3.0,1.0,1886,rural,2023,1.0,furnished,good,1.0,0.37,347502,2
519,2.0,4.0,1994,sub_urban,1987,1.0,semi_furnished,old,0.0,0.22,340754,38
520,3.0,1.0,1535,sub_urban,2003,0.0,furnished,good,0.0,0.21,278395,22
521,3.0,4.0,1579,sub_urban,2001,0.0,semi_furnished,old,1.0,0.39,291621,24
522,3.0,2.0,1253,rural,1998,0.0,semi_furnished,new,1.0,0.13,231180,27
523,4.0,1.0,1374,sub_urban,2016,0.0,furnished,good,1.0,0.51,272910,9
524,4.0,2.0,1746,sub_urban,1997,1.0,semi_furnished,old,0.0,0.05,299679,28
525,3.0,1.0,1982,urban,2010,1.0,furnished,good,1.0,0.41,372771,15
526,3.0,1.0,1444,sub_urban,2016,1.0,furnished,good,0.0,0.33,265405,9
527,2.0,2.0,1320,sub_urban,2009,1.0,semi_furnished,old,0.0,0.61,233184,16
528,1.0,3.0,1500,rural,2021,0.0,furnished,new,0.0,0.08,282917,4
529,5.0,2.0,1740,sub_urban,2012,1.0,furnished,good,1.0,0.1,325600,13
530,4.0,2.0,922,rural,1989,1.0,semi_furnished,good,0.0,0.44,183556,36
531,3.0,2.0,582,rural,2016,1.0,semi_furnished,good,0.0,0.03,146425,9
532,3.0,3.0,1280,urban,1991,0.0,semi_furnished,good,0.0,0.34,231529,34
533,3.0,1.0,1012,urban,2009,1.0,furnished,new,0.0,0.43,209149,16
534,4.0,2.0,1297,rural,2006,0.0,semi_furnished,old,0.0,0.31,258316,19
535,5.0,1.0,1441,rural,2018,0.0,semi_furnished,new,1.0,0.28,285523,7
536,4.0,1.0,1319,rural,1988,1.0,furnished,old,1.0,0.31,252025,37
537,2.0,2.0,2081,sub_urban,2000,0.0,furnished,new,0.0,0.38,352624,25
538,3.0,1.0,1631,urban,1991,1.0,semi_furnished,old,1.0,0.34,308593,34
539,2.0,2.0,1620,urban,2008,1.0,semi_furnished,good,1.0,0.07,312465,17
540,3.0,3.0,1749,urban,2012,1.0,semi_furnished,old,0.0,0.52,302806,13
541,3.0,1.0,1044,sub_urban,2022,0.0,furnished,new,1.0,0.26,233667,3
542,2.0,2.0,1916,rural,1994,0.0,unfurnished,new,0.0,0.33,344698,31
543,4.0,1.0,1470,sub_urban,1981,0.0,semi_furnished,new,0.0,0.36,272364,44
544,3.0,2.0,1768,urban,2018,1.0,furnished,new,0.0,0.42,341910,7
545,3.0,2.0,1071,sub_urban,2023,0.0,furnished,good,1.0,0.41,212327,2
546,2.0,3.0,878,urban,1997,0.0,semi_furnished,old,0.0,0.27,164076,28
547,4.0,2.0,1827,rural,1982,0.0,semi_furnished,new,0.0,0.26,327726,43
548,3.0,1.0,1651,rural,1986,0.0,furnished,new,0.0,0.31,305332,39
549,4.0,2.0,1139,sub_urban,2022,1.0,semi_furnished,good,0.0,0.42,235113,3
550,3.0,2.0,1152,sub_urban,1997,1.0,semi_furnished,new,1.0,0.08,237890,28
551,5.0,2.0,1950,urban,2023,0.0,furnished,new,0.0,0.35,343802,2
552,3.0,3.0,1024,urban,2017,1.0,semi_furnished,new,0.0,0.12,242486,8
553,3.0,3.0,2157,urban,2016,1.0,furnished,old,0.0,0.53,361084,9
554,5.0,1.0,1140,rural,2012,1.0,semi_furnished,good,0.0,0.31,224151,13
555,3.0,1.0,1755,urban,2023,1.0,semi_furnished,new,0.0,0.19,335847,2
556,2.0,2.0,1369,sub_urban,2010,1.0,furnished,good,0.0,0.31,269061,15
557,1.0,2.0,1741,urban,1990,1.0,unfurnished,old,1.0,0.25,305678,35
558,4.0,3.0,1282,urban,1983,0.0,semi_furnished,new,0.0,0.23,225351,42
559,3.0,4.0,1435,urban,1997,1.0,semi_furnished,old,0.0,0.02,253947,28
560,4.0,2.0,1516,rural,1983,1.0,semi_furnished,old,0.0,0.1,277813,42
561,2.0,1.0,1099,urban,2013,0.0,semi_furnished,old,0.0,0.23,214025,12
562,2.0,3.0,1796,sub_urban,2008,0.0,semi_furnished,good,0.0,0.0,322901,17
563,1.0,1.0,1295,sub_urban,2003,1.0,furnished,new,0.0,0.16,257167,22
564,3.0,3.0,1409,rural,2001,1.0,furnished,old,1.0,0.18,277151,24
565,3.0,2.0,1102,rural,1981,1.0,furnished,good,0.0,0.13,203941,44
566,3.0,2.0,475,sub_urban,2023,1.0,semi_furnished,old,1.0,0.37,111071,2
567,3.0,1.0,1424,rural,1985,1.0,furnished,old,0.0,0.12,259505,40
568,5.0,2.0,2465,sub_urban,2021,1.0,furnished,good,0.0,0.26,413665,4
569,2.0,2.0,1814,rural,2004,1.0,unfurnished,good,0.0,0.2,310491,21
570,3.0,2.0,1492,rural,2000,1.0,furnished,new,1.0,0.23,303240,25
571,4.0,1.0,1395,rural,1995,1.0,semi_furnished,good,0.0,0.49,260954,30
572,3.0,3.0,1509,urban,2010,1.0,semi_furnished,old,0.0,0.28,273835,15
573,3.0,3.0,1719,urban,1993,0.0,semi_furnished,old,0.0,0.31,297143,32
574,5.0,1.0,1028,urban,2018,1.0,furnished,good,1.0,0.14,208939,7
575,5.0,1.0,1946,rural,2007,1.0,semi_furnished,good,0.0,0.34,355672,18
576,2.0,1.0,1786,sub_urban,2011,0.0,unfurnished,new,0.0,0.34,310154,14
577,5.0,2.0,1787,sub_urban,2007,1.0,semi_furnished,good,1.0,0.32,311090,18
578,3.0,2.0,1675,sub_urban,1988,1.0,semi_furnished,old,0.0,0.07,284686,37
579,2.0,2.0,1508,urban,2001,0.0,semi_furnished,new,1.0,0.16,291492,24
580,3.0,1.0,1769,sub_urban,2011,1.0,semi_furnished,new,0.0,0.47,345803,14
581,3.0,2.0,1737,rural,1984,1.0,semi_furnished,good,1.0,0.15,323241,41
582,3.0,2.0,1358,sub_urban,2002,1.0,furnished,old,0.0,0.49,255224,23
583,2.0,2.0,1271,rural,1984,0.0,semi_furnished,new,0.0,0.17,241851,41
584,3.0,2.0,1541,sub_urban,2021,1.0,furnished,good,0.0,0.27,272225,4
585,2.0,1.0,2120,sub_urban,2011,1.0,furnished,new,1.0,0.22,392550,14
586,1.0,2.0,1004,sub_urban,1989,0.0,semi_furnished,good,0.0,0.12,213860,36
587,2.0,2.0,913,rural,2018,1.0,semi_furnished,new,0.0,0.13,193349,7
588,2.0,2.0,1566,rural,1994,1.0,furnished,good,1.0,0.14,285293,31
589,2.0,3.0,1520,rural,1986,0.0,unfurnished,new,0.0,0.27,278048,39
590,2.0,2.0,1569,sub_urban,2008,1.0,unfurnished,good,1.0,0.38,300148,17
591,3.0,2.0,1598,rural,1982,1.0,semi_furnished,good,0.0,0.26,287417,43
592,2.0,1.0,1411,urban,1998,0.0,unfurnished,good,1.0,0.24,272550,27
593,2.0,1.0,2096,rural,1989,0.0,semi_furnished,old,1.0,0.43,359065,36
594,5.0,3.0,860,urban,2007,0.0,semi_furnished,good,0.0,0.26,173190,18
595,3.0,2.0,1169,urban,2008,0.0,furnished,new,0.0,0.17,234440,17
596,4.0,1.0,1459,urban,1994,1.0,furnished,good,1.0,0.1,269453,31
597,2.0,1.0,843,sub_urban,2014,1.0,furnished,old,0.0,0.44,191858,11
598,2.0,1.0,1430,urban,1985,0.0,semi_furnished,new,0.0,0.2,274931,40
599,1.0,3.0,2165,rural,1991,0.0,semi_furnished,new,1.0,0.16,374153,34
600,2.0,1.0,1508,urban,2017,0.0,semi_furnished,old,0.0,0.15,262342,8
601,2.0,2.0,1592,sub_urban,1992,1.0,unfurnished,new,1.0,0.43,305053,33
602,2.0,1.0,996,urban,2008,0.0,unfurnished,good,1.0,0.16,205033,17
603,1.0,2.0,1253,urban,1998,1.0,semi_furnished,good,1.0,0.4,242775,27
604,2.0,1.0,1350,urban,1982,1.0,semi_furnished,new,1.0,0.22,264179,43
605,3.0,2.0,1373,urban,1987,0.0,semi_furnished,good,1.0,0.07,260102,38
606,2.0,1.0,2013,sub_urban,1987,1.0,semi_furnished,good,1.0,0.2,354864,38
607,3.0,3.0,1723,urban,1999,1.0,furnished,new,0.0,0.25,324084,26
608,3.0,1.0,1055,urban,1983,1.0,unfurnished,new,0.0,0.23,222780,42
609,4.0,2.0,1599,rural,2000,1.0,semi_furnished,old,1.0,0.23,303117,25
610,1.0,3.0,1699,rural,1982,0.0,semi_furnished,new,1.0,0.2,308303,43
611,4.0,2.0,1956,sub_urban,1987,0.0,furnished,good,0.0,0.13,335889,38
612,3.0,2.0,2132,urban,2002,1.0,unfurnished,new,0.0,0.25,368210,23
613,1.0,2.0,1094,urban,1995,0.0,furnished,good,0.0,0.33,226563,30
614,5.0,2.0,1176,urban,1992,0.0,semi_furnished,old,0.0,0.03,195245,33
615,5.0,2.0,997,rural,1982,0.0,semi_furnished,new,1.0,0.44,224979,43
616,1.0,2.0,1406,sub_urban,1988,0.0,unfurnished,new,0.0,0.3,264635,37
617,2.0,2.0,1687,urban,1993,1.0,furnished,new,0.0,0.26,316034,32
618,4.0,2.0,1895,urban,1992,0.0,furnished,old,0.0,0.32,321193,33
619,4.0,3.0,1470,rural,1986,1.0,furnished,new,0.0,0.16,278211,39
620,2.0,2.0,1372,sub_urban,1994,1.0,semi_furnished,old,1.0,0.07,262681,31
621,2.0,1.0,1561,urban,1986,1.0,unfurnished,good,0.0,0.24,265184,39
622,3.0,2.0,1166,urban,2017,0.0,furnished,new,0.0,0.28,226979,8
623,3.0,2.0,2336,rural,2013,1.0,furnished,new,0.0,0.08,404749,12
624,3.0,1.0,857,sub_urban,2020,0.0,semi_furnished,good,0.0,0.13,182224,5
625,3.0,2.0,1574,sub_urban,2001,1.0,furnished,new,0.0,0.39,296544,24
626,3.0,1.0,2309,rural,2003,1.0,furnished,new,0.0,0.27,413331,22
627,4.0,2.0,1503,rural,2016,1.0,semi_furnished,old,0.0,0.02,275498,9
628,1.0,1.0,1424,rural,2023,1.0,semi_furnished,new,0.0,0.32,288986,2
629,2.0,2.0,1357,urban,1980,1.0,semi_furnished,old,0.0,0.11,237347,45
630,4.0,3.0,1428,urban,1989,0.0,unfurnished,good,1.0,0.13,264782,36
631,5.0,2.0,2049,sub_urban,2022,1.0,furnished,good,1.0,0.28,380044,3
632,3.0,2.0,615,rural,1995,1.0,semi_furnished,new,1.0,0.27,167543,30
633,3.0,3.0,2113,rural,1987,0.0,furnished,old,1.0,0.19,346754,38
634,2.0,4.0,930,rural,2004,1.0,furnished,good,0.0,0.17,180289,21
635,3.0,1.0,1393,sub_urban,1991,1.0,semi_furnished,good,0.0,0.21,251532,34
636,3.0,2.0,1328,sub_urban,2004,1.0,semi_furnished,old,0.0,0.13,237852,21
637,2.0,1.0,1735,sub_urban,1996,1.0,semi_furnished,new,1.0,0.41,325996,29
638,2.0,2.0,861,sub_urban,2005,1.0,semi_furnished,new,0.0,0.01,198312,20
639,3.0,4.0,1685,rural,1993,0.0,semi_furnished,good,0.0,0.21,299444,32
640,1.0,2.0,2310,rural,2020,1.0,semi_furnished,good,0.0,0.03,399177,5
641,2.0,3.0,955,rural,2015,0.0,furnished,new,0.0,0.39,208156,10
642,2.0,2.0,1576,sub_urban,2002,1.0,semi_furnished,good,1.0,0.21,304742,23
643,2.0,2.0,1235,urban,2022,0.0,semi_furnished,new,0.0,0.09,214290,3
644,2.0,1.0,1670,urban,1985,0.0,semi_furnished,new,0.0,0.35,298834,40
645,5.0,3.0,1508,rural,1984,1.0,semi_furnished,old,0.0,0.09,259370,41
646,3.0,1.0,1243,rural,2022,1.0,semi_furnished,old,0.0,0.29,235803,3
647,4.0,3.0,1695,rural,2004,0.0,unfurnished,new,1.0,0.42,312629,21
648,4.0,3.0,2222,urban,1997,1.0,semi_furnished,old,0.0,0.28,378659,28
649,3.0,3.0,1424,rural,1992,0.0,semi_furnished,old,1.0,0.17,267721,33
650,1.0,1.0,1788,rural,2022,0.0,furnished,good,0.0,0.06,311770,3
651,3.0,2.0,983,sub_urban,1993,1.0,semi_furnished,good,1.0,0.41,206878,32
652,3.0,1.0,1117,rural,2007,1.0,furnished,good,1.0,0.39,241688,18
653,4.0,2.0,1689,urban,1997,0.0,semi_furnished,good,0.0,0.15,306266,28
654,3.0,1.0,2094,rural,2007,0.0,semi_furnished,good,0.0,0.16,344842,18
655,2.0,4.0,1642,urban,2006,0.0,semi_furnished,good,1.0,0.43,296783,19
656,2.0,2.0,1375,sub_urban,2011,0.0,unfurnished,good,0.0,0.33,257208,14
657,3.0,2.0,1500,rural,1988,1.0,furnished,new,1.0,0.02,290328,37
658,3.0,2.0,1000,sub_urban,2019,1.0,unfurnished,good,1.0,0.22,203477,6
659,3.0,2.0,1742,urban,2011,0.0,furnished,new,1.0,0.22,319302,14
660,3.0,2.0,1853,sub_urban,1999,1.0,semi_furnished,new,0.0,0.29,338628,26
661,3.0,2.0,1319,sub_urban,2007,1.0,semi_furnished,new,0.0,0.25,243581,18
662,3.0,4.0,1312,rural,2012,0.0,semi_furnished,good,0.0,0.17,255397,13
663,2.0,2.0,1606,rural,1983,1.0,semi_furnished,new,0.0,0.28,316387,42
664,2.0,2.0,1325,urban,2013,1.0,semi_furnished,good,1.0,0.18,257497,12
665,2.0,3.0,1474,urban,1982,0.0,furnished,new,1.0,0.76,277376,43
666,2.0,1.0,2340,sub_urban,2005,0.0,furnished,good,0.0,0.27,406609,20
667,2.0,4.0,1401,sub_urban,1987,1.0,unfurnished,new,1.0,0.25,277469,38
668,2.0,1.0,1357,urban,1985,1.0,furnished,old,0.0,0.53,242995,40
669,2.0,3.0,1241,rural,1995,0.0,semi_furnished,new,0.0,0.05,239872,30
670,2.0,2.0,1798,urban,2003,0.0,semi_furnished,good,0.0,0.23,309405,22
671,5.0,3.0,1428,sub_urban,2018,1.0,semi_furnished,good,0.0,0.11,269647,7
672,1.0,3.0,1240,rural,2009,1.0,unfurnished,good,0.0,0.35,240989,16
673,3.0,3.0,2029,urban,1992,1.0,semi_furnished,old,1.0,0.18,347149,33
674,3.0,3.0,2068,sub_urban,1984,1.0,semi_furnished,new,0.0,0.34,351453,41
675,3.0,2.0,1260,urban,2004,0.0,furnished,new,0.0,0.33,231740,21
676,2.0,1.0,753,urban,1999,1.0,unfurnished,good,0.0,0.37,167115,26
677,3.0,2.0,1903,urban,1997,1.0,unfurnished,new,1.0,0.33,351935,28
678,3.0,1.0,1226,urban,1997,1.0,unfurnished,good,0.0,0.22,232664,28
679,5.0,2.0,1816,sub_urban,1981,0.0,furnished,new,0.0,0.04,328445,44
680,4.0,2.0,712,rural,1989,1.0,furnished,new,0.0,0.4,150790,36
681,2.0,2.0,1857,sub_urban,1991,1.0,semi_furnished,good,1.0,0.46,323247,34
682,2.0,2.0,1016,urban,1992,1.0,unfurnished,old,0.0,0.11,198411,33
683,4.0,3.0,1792,rural,1990,1.0,furnished,new,0.0,0.36,309713,35
684,5.0,1.0,1506,sub_urban,1998,0.0,unfurnished,new,0.0,0.07,278110,27
685,3.0,3.0,1118,rural,2014,1.0,semi_furnished,good,0.0,0.28,245364,11
686,3.0,4.0,1337,urban,2018,1.0,semi_furnished,good,1.0,0.31,247865,7
687,2.0,2.0,1775,urban,2005,1.0,semi_furnished,old,0.0,0.19,308153,20
688,4.0,2.0,1542,sub_urban,1993,1.0,semi_furnished,old,1.0,0.26,255871,32
689,2.0,3.0,1734,sub_urban,2023,1.0,unfurnished,new,0.0,0.38,322563,2
690,2.0,1.0,2291,urban,2003,0.0,semi_furnished,good,1.0,0.23,416115,22
691,3.0,2.0,874,urban,2020,1.0,furnished,old,0.0,0.15,184969,5
692,3.0,2.0,2147,sub_urban,1980,0.0,semi_furnished,good,0.0,0.07,357112,45
693,2.0,1.0,1542,urban,2022,0.0,furnished,old,0.0,0.19,297714,3
694,2.0,2.0,1140,sub_urban,2001,0.0,furnished,new,1.0,0.07,215976,24
695,3.0,1.0,968,urban,2002,1.0,furnished,new,1.0,0.19,217339,23
696,2.0,1.0,1424,rural,1998,1.0,semi_furnished,good,0.0,0.18,264049,27
697,3.0,1.0,1869,urban,1997,1.0,semi_furnished,good,1.0,0.37,334480,28
698,2.0,2.0,1449,urban,1991,1.0,semi_furnished,good,0.0,0.26,273821,34
699,3.0,2.0,2104,sub_urban,2007,1.0,unfurnished,old,0.0,0.63,350380,18
700,3.0,2.0,920,rural,2007,0.0,semi_furnished,good,0.0,0.05,187726,18
701,1.0,2.0,1495,urban,2012,1.0,unfurnished,good,0.0,0.3,278707,13
702,2.0,2.0,999,sub_urban,1998,0.0,unfurnished,old,1.0,0.18,187940,27
703,2.0,2.0,1645,rural,2007,0.0,furnished,old,0.0,0.11,307850,18
704,1.0,2.0,1855,sub_urban,2016,1.0,semi_furnished,new,0.0,0.25,339832,9
705,3.0,1.0,1332,sub_urban,2005,0.0,unfurnished,old,0.0,0.23,239613,20
706,2.0,2.0,458,sub_urban,2014,0.0,semi_furnished,new,0.0,0.41,116423,11
707,4.0,1.0,1580,sub_urban,2013,1.0,unfurnished,new,0.0,0.26,298167,12
708,2.0,2.0,1675,urban,2014,1.0,semi_furnished,good,0.0,0.15,327598,11
709,4.0,2.0,1662,sub_urban,2019,1.0,semi_furnished,good,0.0,0.3,300773,6
710,4.0,1.0,1994,urban,1995,1.0,semi_furnished,new,0.0,0.22,358487,30
711,3.0,1.0,1072,sub_urban,2017,1.0,semi_furnished,new,0.0,0.08,233905,8
712,3.0,3.0,1772,rural,1992,1.0,semi_furnished,new,0.0,0.21,322586,33
713,3.0,2.0,1977,rural,2002,0.0,semi_furnished,old,0.0,0.28,333054,23
714,2.0,1.0,789,rural,2001,1.0,semi_furnished,good,0.0,0.26,173473,24
715,5.0,2.0,1628,rural,1995,1.0,unfurnished,new,0.0,0.3,300987,30
716,4.0,1.0,1298,sub_urban,2007,1.0,furnished,old,0.0,0.17,237982,18
717,3.0,2.0,1467,rural,2014,1.0,unfurnished,new,0.0,0.3,292449,11
718,2.0,2.0,1639,urban,1987,0.0,unfurnished,old,0.0,0.27,282756,38
719,4.0,1.0,1305,rural,2023,0.0,furnished,new,0.0,0.27,267682,2
720,5.0,1.0,1230,urban,2001,1.0,furnished,good,0.0,0.25,233981,24
721,2.0,1.0,1514,urban,2000,0.0,unfurnished,good,0.0,0.58,259128,25
722,1.0,2.0,1065,rural,2005,1.0,semi_furnished,old,1.0,0.42,178692,20
723,4.0,1.0,1066,urban,2019,0.0,semi_furnished,good,0.0,0.29,190519,6
724,3.0,2.0,1772,sub_urban,2000,1.0,furnished,old,0.0,0.13,289340,25
725,4.0,1.0,1040,sub_urban,2004,1.0,unfurnished,old,1.0,0.21,206665,21
726,2.0,2.0,1767,sub_urban,2020,0.0,furnished,old,0.0,0.49,299537,5
727,4.0,2.0,1685,urban,1980,0.0,semi_furnished,good,1.0,0.17,281209,45
728,2.0,3.0,810,urban,1985,1.0,semi_furnished,good,0.0,0.23,167391,40
729,2.0,2.0,1229,urban,2002,1.0,unfurnished,old,0.0,0.22,214132,23
730,2.0,2.0,1978,urban,2002,1.0,unfurnished,good,0.0,0.31,351931,23
731,4.0,2.0,1108,sub_urban,2022,0.0,semi_furnished,good,0.0,0.18,220183,3
732,4.0,2.0,1314,urban,2022,1.0,semi_furnished,new,1.0,0.28,274141,3
733,3.0,2.0,1685,sub_urban,2002,1.0,furnished,new,0.0,0.19,287767,23
734,3.0,1.0,1813,sub_urban,2011,0.0,furnished,good,0.0,0.45,319804,14
735,5.0,3.0,1399,rural,2009,1.0,furnished,good,1.0,0.15,267636,16
736,3.0,2.0,1261,sub_urban,1992,0.0,semi_furnished,good,0.0,0.4,220534,33
737,4.0,1.0,2069,rural,2022,0.0,semi_furnished,good,0.0,0.16,338576,3
738,3.0,2.0,2196,urban,1997,0.0,semi_furnished,new,0.0,0.12,382913,28
739,3.0,2.0,1892,urban,2002,0.0,furnished,good,0.0,0.14,340041,23
740,3.0,3.0,1534,urban,1994,0.0,furnished,old,1.0,0.01,250282,31
741,2.0,3.0,1177,urban,2012,1.0,semi_furnished,good,0.0,0.32,220825,13
742,4.0,3.0,1168,sub_urban,2000,0.0,furnished,good,0.0,0.08,221715,25
743,3.0,1.0,1709,rural,2018,0.0,furnished,old,0.0,0.2,311399,7
744,2.0,2.0,1667,sub_urban,2002,0.0,unfurnished,old,0.0,0.36,287526,23
745,5.0,2.0,2061,rural,2006,1.0,unfurnished,old,0.0,0.36,369860,19
746,3.0,1.0,1760,urban,2023,1.0,semi_furnished,old,1.0,0.04,302847,2
747,3.0,1.0,899,urban,1997,1.0,semi_furnished,good,0.0,0.3,164281,28
748,5.0,3.0,1921,sub_urban,2003,1.0,semi_furnished,old,0.0,0.42,344127,22
749,3.0,1.0,1101,rural,2019,1.0,semi_furnished,new,1.0,0.15,207654,6
750,2.0,2.0,1346,sub_urban,2021,0.0,furnished,new,1.0,0.33,272915,4
751,5.0,1.0,1600,sub_urban,1986,1.0,unfurnished,good,0.0,0.08,284455,39
752,3.0,1.0,2298,sub_urban,1999,1.0,furnished,good,0.0,0.31,385690,26
753,2.0,1.0,2744,urban,2006,1.0,furnished,new,0.0,0.27,468733,19
754,2.0,2.0,1743,sub_urban,1985,0.0,unfurnished,good,0.0,0.35,290759,40
755,4.0,3.0,1427,urban,2006,1.0,semi_furnished,good,0.0,0.34,262267,19
756,3.0,2.0,1714,rural,1988,0.0,semi_furnished,good,0.0,0.05,300074,37
757,3.0,2.0,1855,urban,2010,1.0,semi_furnished,good,0.0,0.27,326288,15
758,5.0,1.0,1372,sub_urban,2000,1.0,semi_furnished,old,0.0,0.47,245151,25
759,4.0,2.0,2218,rural,2005,0.0,unfurnished,new,0.0,0.08,391441,20
760,2.0,2.0,1592,sub_urban,2019,1.0,furnished,old,1.0,0.4,311396,6
761,2.0,3.0,1699,urban,1992,0.0,furnished,old,1.0,0.49,297788,33
762,2.0,1.0,1766,rural,2002,1.0,furnished,good,0.0,0.03,323700,23
763,4.0,2.0,1669,urban,1999,1.0,semi_furnished,new,0.0,0.15,300688,26
764,1.0,1.0,1836,urban,2016,0.0,semi_furnished,good,1.0,0.33,317459,9
765,3.0,2.0,1253,rural,2007,0.0,semi_furnished,good,1.0,0.12,246083,18
766,4.0,3.0,1277,sub_urban,1996,1.0,semi_furnished,old,0.0,0.45,228615,29
767,5.0,2.0,1060,rural,2007,0.0,furnished,old,0.0,0.41,211895,18
768,2.0,2.0,1676,urban,2020,0.0,semi_furnished,new,0.0,0.04,323854,5
769,4.0,2.0,1812,rural,1981,0.0,furnished,good,1.0,0.14,328591,44
770,2.0,2.0,1683,sub_urban,2004,1.0,semi_furnished,new,0.0,0.37,321624,21
771,4.0,3.0,2170,rural,2020,1.0,furnished,old,1.0,0.36,347446,5
772,2.0,3.0,1498,sub_urban,1985,0.0,semi_furnished,good,0.0,0.58,271345,40
773,3.0,2.0,1767,sub_urban,1990,0.0,furnished,old,1.0,0.12,318879,35
774,4.0,3.0,1063,urban,2017,0.0,semi_furnished,new,0.0,0.47,205332,8
775,2.0,2.0,1345,urban,1985,0.0,semi_furnished,old,1.0,0.11,246038,40
776,2.0,2.0,1778,urban,1990,1.0,unfurnished,good,0.0,0.33,304473,35
777,4.0,2.0,1840,rural,1993,1.0,semi_furnished,old,1.0,0.38,337075,32
778,4.0,1.0,1382,rural,1981,0.0,unfurnished,old,0.0,0.2,234140,44
779,3.0,3.0,1471,rural,2019,0.0,semi_furnished,new,0.0,0.39,271721,6
780,4.0,1.0,893,sub_urban,1982,0.0,semi_furnished,old,0.0,0.46,165909,43
781,3.0,4.0,1357,rural,2014,1.0,semi_furnished,good,0.0,0.41,274044,11
782,2.0,2.0,1856,rural,2012,1.0,semi_furnished,old,0.0,0.56,331047,13
783,2.0,2.0,1730,rural,2003,1.0,unfurnished,new,0.0,0.39,336426,22
784,2.0,2.0,1700,rural,1998,0.0,semi_furnished,old,1.0,0.17,283669,27
785,5.0,3.0,1520,rural,1997,0.0,semi_furnished,good,0.0,0.44,259907,28
786,3.0,2.0,1503,sub_urban,2003,0.0,furnished,good,0.0,0.16,284636,22
787,3.0,2.0,1236,rural,2014,0.0,semi_furnished,new,0.0,0.26,225798,11
788,3.0,1.0,1780,rural,1980,1.0,furnished,new,0.0,0.37,316483,45
789,5.0,2.0,1668,urban,2015,1.0,furnished,good,0.0,0.32,323953,10
790,2.0,1.0,1697,rural,2004,1.0,furnished,new,0.0,0.45,305915,21
791,3.0,3.0,1290,sub_urban,2022,1.0,unfurnished,good,1.0,0.62,236890,3
792,3.0,2.0,639,urban,2013,0.0,furnished,good,0.0,0.08,144125,12
793,3.0,2.0,1939,urban,2004,1.0,furnished,new,0.0,0.2,334053,21
794,1.0,1.0,1308,rural,1995,0.0,semi_furnished,new,1.0,0.3,269773,30
795,5.0,1.0,1155,sub_urban,2013,0.0,semi_furnished,good,0.0,0.18,212101,12
796,5.0,3.0,1777,rural,2008,1.0,unfurnished,old,0.0,0.24,302398,17
797,3.0,1.0,1343,urban,1998,0.0,semi_furnished,new,0.0,0.37,256544,27
798,4.0,1.0,1924,urban,2002,1.0,semi_furnished,good,1.0,0.35,342156,23
799,5.0,1.0,1747,urban,1998,0.0,unfurnished,good,0.0,0.29,309373,27
800,4.0,2.0,1773,sub_urban,2004,1.0,furnished,old,0.0,0.27,317165,21
801,2.0,3.0,954,rural,1995,1.0,semi_furnished,good,0.0,0.22,190127,30
802,3.0,2.0,1985,rural,1988,0.0,semi_furnished,old,0.0,0.46,323936,37
803,3.0,1.0,1605,rural,1980,1.0,furnished,new,0.0,0.5,304255,45
804,3.0,2.0,1352,rural,2021,0.0,unfurnished,good,0.0,0.4,245266,4
805,4.0,3.0,1557,sub_urban,1998,1.0,semi_furnished,old,0.0,0.08,269659,27
806,5.0,2.0,790,urban,2012,1.0,semi_furnished,old,1.0,0.21,174527,13
807,5.0,1.0,1663,sub_urban,2013,1.0,semi_furnished,good,0.0,0.28,282963,12
808,3.0,1.0,1088,sub_urban,1995,1.0,furnished,new,0.0,0.11,221309,30
809,2.0,1.0,959,urban,2023,0.0,semi_furnished,good,0.0,0.26,195608,2
810,3.0,2.0,891,sub_urban,2019,1.0,semi_furnished,new,0.0,0.25,208868,6
811,4.0,3.0,1945,rural,1997,1.0,semi_furnished,new,0.0,0.41,346346,28
812,2.0,1.0,1248,sub_urban,2013,1.0,semi_furnished,new,0.0,0.18,258248,12
813,5.0,1.0,2113,urban,2004,0.0,furnished,good,0.0,0.42,368246,21
814,5.0,1.0,1286,urban,1985,1.0,unfurnished,new,0.0,0.11,249832,40
815,3.0,2.0,817,urban,2000,1.0,furnished,old,0.0,0.13,185917,25
816,3.0,1.0,1053,urban,1985,0.0,semi_furnished,old,0.0,0.19,196102,40
817,3.0,3.0,1994,sub_urban,2011,1.0,furnished,good,0.0,0.26,346316,14
818,1.0,2.0,1438,rural,2020,0.0,furnished,old,0.0,0.11,261138,5
819,2.0,2.0,1281,urban,2022,1.0,semi_furnished,old,0.0,0.32,236360,3
820,4.0,1.0,1564,urban,2018,1.0,semi_furnished,old,1.0,0.51,294136,7
821,1.0,1.0,1701,urban,2010,1.0,semi_furnished,new,0.0,0.35,330557,15
822,2.0,2.0,1947,sub_urban,2021,1.0,furnished,good,1.0,0.22,353370,4
823,3.0,3.0,2079,sub_urban,1989,1.0,semi_furnished,new,1.0,0.09,377751,36
824,3.0,2.0,1356,sub_urban,2009,0.0,semi_furnished,old,0.0,0.02,253378,16
825,5.0,2.0,970,rural,1997,0.0,furnished,good,0.0,0.0,201972,28
826,2.0,1.0,1335,urban,2003,1.0,semi_furnished,old,0.0,0.23,241524,22
827,2.0,2.0,1604,sub_urban,1988,0.0,furnished,good,0.0,0.57,285123,37
828,4.0,3.0,1114,sub_urban,2010,0.0,semi_furnished,new,0.0,0.16,232323,15
829,3.0,1.0,1117,rural,1994,1.0,semi_furnished,old,1.0,0.36,221850,31
830,2.0,2.0,1638,rural,1983,0.0,semi_furnished,good,0.0,0.15,268879,42
831,3.0,2.0,1481,sub_urban,2019,0.0,semi_furnished,good,0.0,0.2,280977,6
832,2.0,2.0,1513,urban,1988,1.0,furnished,new,0.0,0.11,289979,37
833,2.0,3.0,1197,urban,1988,0.0,semi_furnished,old,0.0,0.04,223289,37
834,3.0,3.0,1408,sub_urban,2005,1.0,semi_furnished,good,1.0,0.27,252478,20
835,3.0,2.0,1130,sub_urban,1983,1.0,furnished,new,1.0,0.29,234824,42
836,5.0,1.0,1856,rural,1996,1.0,furnished,old,0.0,0.35,331233,29
837,3.0,2.0,1914,urban,1995,0.0,semi_furnished,good,0.0,0.0,322494,30
838,3.0,4.0,762,sub_urban,1994,1.0,furnished,good,0.0,0.38,157095,31
839,3.0,1.0,1128,urban,2014,1.0,semi_furnished,good,1.0,0.38,237805,11
840,1.0,2.0,901,sub_urban,1984,1.0,unfurnished,good,0.0,0.31,175479,41
841,4.0,2.0,1240,rural,1984,0.0,furnished,old,0.0,0.19,220915,41
842,2.0,2.0,1467,sub_urban,1999,1.0,semi_furnished,new,1.0,0.3,276704,26
843,3.0,2.0,920,rural,1994,1.0,semi_furnished,good,0.0,0.23,205199,31
844,2.0,4.0,1131,sub_urban,1997,1.0,furnished,old,1.0,0.4,226456,28
845,3.0,1.0,1098,sub_urban,1981,1.0,unfurnished,new,0.0,0.2,218546,44
846,1.0,1.0,1583,rural,2008,1.0,furnished,old,1.0,0.27,286826,17
847,3.0,1.0,1528,sub_urban,1992,1.0,unfurnished,old,0.0,0.01,260516,33
848,3.0,3.0,1211,rural,1983,0.0,unfurnished,new,0.0,0.3,232349,42
849,3.0,2.0,1571,rural,2021,1.0,semi_furnished,old,0.0,0.14,291701,4
850,1.0,1.0,1281,rural,1989,0.0,semi_furnished,new,1.0,0.33,244052,36
851,4.0,3.0,1391,urban,2010,1.0,semi_furnished,new,0.0,0.37,271905,15
852,2.0,3.0,2169,rural,2020,0.0,semi_furnished,new,0.0,0.16,380876,5
853,5.0,3.0,2036,rural,1987,1.0,unfurnished,old,0.0,0.25,361801,38
854,2.0,4.0,980,urban,1982,0.0,semi_furnished,old,0.0,0.28,177233,43
855,2.0,1.0,1832,sub_urban,1988,1.0,furnished,new,0.0,0.31,340372,37
856,1.0,3.0,1825,rural,2009,1.0,unfurnished,old,1.0,0.37,341690,16
857,3.0,2.0,1041,sub_urban,1990,0.0,semi_furnished,old,0.0,0.35,190579,35
858,3.0,3.0,1828,sub_urban,2014,0.0,furnished,good,0.0,0.19,316314,11
859,1.0,3.0,2115,urban,2016,0.0,semi_furnished,new,0.0,0.49,384877,9
860,4.0,3.0,1051,urban,2021,1.0,semi_furnished,good,0.0,0.36,194238,4
861,3.0,2.0,1133,sub_urban,1992,1.0,furnished,old,0.0,0.46,217856,33
862,3.0,1.0,1907,sub_urban,2015,1.0,furnished,new,0.0,0.3,333497,10
863,3.0,2.0,1609,rural,1992,0.0,semi_furnished,old,0.0,0.31,292174,33
864,3.0,2.0,1721,sub_urban,1991,1.0,furnished,good,0.0,0.23,304029,34
865,3.0,4.0,1636,urban,2016,1.0,furnished,old,0.0,0.18,292892,9
866,2.0,1.0,1656,sub_urban,1989,1.0,unfurnished,old,0.0,0.4,284158,36
867,2.0,1.0,969,sub_urban,1988,1.0,unfurnished,new,0.0,0.29,187323,37
868,5.0,1.0,1919,rural,1986,0.0,semi_furnished,new,1.0,0.23,359909,39
869,5.0,3.0,1968,sub_urban,1981,0.0,furnished,old,1.0,0.1,336889,44
870,3.0,3.0,1408,sub_urban,2002,0.0,unfurnished,new,0.0,0.48,298888,23
871,2.0,1.0,1483,urban,2018,0.0,unfurnished,old,0.0,0.27,258148,7
872,3.0,2.0,888,urban,2019,0.0,furnished,old,1.0,0.07,177733,6
873,3.0,3.0,1706,urban,2018,0.0,semi_furnished,new,0.0,0.26,305728,7
874,1.0,3.0,1729,sub_urban,2000,0.0,unfurnished,old,0.0,0.22,297788,25
875,2.0,2.0,1475,sub_urban,2002,1.0,semi_furnished,good,0.0,0.21,282602,23
876,4.0,2.0,1950,rural,2008,1.0,furnished,new,0.0,0.34,364401,17
877,4.0,2.0,1366,urban,1993,1.0,semi_furnished,new,0.0,0.22,248654,32
878,1.0,1.0,1726,rural,2005,1.0,unfurnished,new,1.0,0.2,339141,20
879,2.0,2.0,1092,rural,1984,0.0,semi_furnished,new,0.0,0.45,222628,41
880,2.0,2.0,1491,urban,2010,1.0,semi_furnished,old,0.0,0.01,275664,15
881,4.0,3.0,1430,rural,2004,0.0,unfurnished,good,0.0,0.24,253658,21
882,1.0,2.0,1590,urban,2010,1.0,semi_furnished,good,0.0,0.39,284601,15
883,2.0,3.0,1352,rural,1999,0.0,furnished,new,1.0,0.34,266171,26
884,4.0,1.0,1447,rural,2023,1.0,semi_furnished,new,0.0,0.4,271318,2
885,2.0,2.0,1830,urban,1996,0.0,unfurnished,new,1.0,0.55,349026,29
886,4.0,1.0,1325,urban,1981,0.0,semi_furnished,new,0.0,0.5,244190,44
887,2.0,1.0,857,rural,2004,1.0,furnished,good,0.0,0.08,155082,21
888,1.0,3.0,2200,sub_urban,1992,0.0,semi_furnished,good,1.0,0.01,367585,33
889,2.0,2.0,2053,urban,2018,1.0,semi_furnished,old,0.0,0.3,344370,7
890,4.0,1.0,983,rural,2007,1.0,unfurnished,good,0.0,0.05,196417,18
891,5.0,2.0,1776,rural,2021,1.0,unfurnished,good,1.0,0.04,329961,4
892,4.0,3.0,1299,urban,1985,1.0,furnished,new,0.0,0.3,247588,40
893,3.0,1.0,1605,rural,1982,1.0,semi_furnished,good,1.0,0.34,293959,43
894,4.0,2.0,1618,sub_urban,2014,0.0,unfurnished,old,0.0,0.51,283177,11
895,2.0,3.0,1406,urban,1997,1.0,semi_furnished,old,0.0,0.37,253331,28
896,2.0,2.0,1186,rural,1990,1.0,semi_furnished,new,0.0,0.54,253619,35
897,5.0,1.0,1224,urban,1999,1.0,furnished,good,0.0,0.3,245654,26
898,1.0,2.0,1134,rural,1984,0.0,semi_furnished,good,0.0,0.08,216183,41
899,1.0,3.0,1167,sub_urban,1998,1.0,semi_furnished,good,1.0,0.37,241017,27
900,2.0,2.0,1473,sub_urban,2001,1.0,furnished,new,1.0,0.45,264088,24
901,1.0,1.0,1214,sub_urban,1998,1.0,semi_furnished,good,0.0,0.31,218675,27
902,2.0,3.0,1773,rural,1995,1.0,semi_furnished,good,0.0,0.47,310828,30
903,3.0,1.0,2095,sub_urban,2003,0.0,furnished,good,0.0,0.23,351942,22
904,3.0,3.0,1268,urban,2020,0.0,semi_furnished,old,0.0,0.33,218943,5
905,5.0,1.0,1596,rural,1983,1.0,semi_furnished,old,1.0,0.22,292405,42
906,4.0,2.0,1700,urban,1994,1.0,furnished,good,0.0,0.61,317857,31
907,2.0,2.0,1689,sub_urban,2004,1.0,furnished,good,1.0,0.38,311222,21
908,2.0,2.0,1530,urban,2023,0.0,semi_furnished,new,0.0,0.08,295782,2
909,3.0,1.0,1797,rural,2014,1.0,furnished,new,1.0,0.53,339125,11
910,3.0,2.0,1693,sub_urban,1993,1.0,semi_furnished,old,0.0,0.14,293334,32
911,2.0,3.0,1005,urban,1998,1.0,unfurnished,good,0.0,0.25,204742,27
912,3.0,2.0,1848,rural,2017,1.0,unfurnished,new,0.0,0.32,326518,8
913,3.0,2.0,1855,sub_urban,2015,0.0,furnished,new,1.0,0.33,324816,10
914,3.0,2.0,1195,rural,1986,1.0,unfurnished,new,0.0,0.32,222227,39
915,3.0,3.0,1515,sub_urban,2009,0.0,furnished,old,0.0,0.08,277786,16
916,2.0,3.0,1773,rural,1998,1.0,furnished,old,0.0,0.32,306622,27
917,5.0,2.0,1416,urban,2004,0.0,semi_furnished,good,0.0,0.42,262165,21
918,4.0,2.0,1929,rural,1995,1.0,semi_furnished,old,0.0,0.41,350319,30
919,2.0,2.0,2446,sub_urban,2019,0.0,furnished,old,0.0,0.05,399267,6
920,5.0,2.0,1186,urban,1987,1.0,semi_furnished,good,0.0,0.15,237542,38
921,3.0,1.0,948,rural,1997,1.0,furnished,new,0.0,0.09,197837,28
922,5.0,2.0,1622,sub_urban,2007,1.0,semi_furnished,old,0.0,0.3,284416,18
923,4.0,2.0,1789,rural,1995,0.0,semi_furnished,new,0.0,0.02,323362,30
924,3.0,3.0,1408,urban,1998,0.0,furnished,old,0.0,0.08,253377,27
925,1.0,1.0,2081,rural,2021,0.0,unfurnished,good,0.0,0.15,359445,4
926,2.0,2.0,965,sub_urban,1996,1.0,semi_furnished,new,0.0,0.02,210253,29
927,3.0,2.0,1777,sub_urban,1992,0.0,semi_furnished,new,0.0,0.25,321002,33
928,3.0,2.0,1258,sub_urban,1986,1.0,semi_furnished,old,1.0,0.07,236107,39
929,2.0,1.0,2188,sub_urban,2006,1.0,furnished,old,0.0,0.32,370437,19
930,2.0,2.0,2297,sub_urban,1989,1.0,semi_furnished,good,0.0,0.19,394933,36
931,4.0,2.0,1193,rural,2013,1.0,furnished,new,0.0,0.16,228183,12
932,3.0,2.0,1280,rural,2015,1.0,unfurnished,old,0.0,0.18,229455,10
933,3.0,2.0,1844,rural,2004,0.0,furnished,old,0.0,0.24,313925,21
934,2.0,2.0,1345,urban,1985,1.0,semi_furnished,new,0.0,0.34,264399,40
935,2.0,3.0,1482,sub_urban,2003,1.0,semi_furnished,old,0.0,0.45,289529,22
936,1.0,1.0,1510,rural,1997,0.0,semi_furnished,old,1.0,0.4,271507,28
937,5.0,3.0,732,sub_urban,2002,1.0,semi_furnished,new,0.0,0.58,152658,23
938,2.0,2.0,1494,rural,1985,1.0,semi_furnished,old,0.0,0.35,258398,40
939,3.0,1.0,1224,rural,2008,1.0,unfurnished,old,0.0,0.27,236989,17
940,2.0,1.0,1303,sub_urban,2004,0.0,unfurnished,new,0.0,0.18,241747,21
941,3.0,2.0,2077,sub_urban,1996,1.0,unfurnished,good,0.0,0.19,347893,29
942,4.0,3.0,997,sub_urban,2003,0.0,furnished,new,1.0,0.33,218887,22
943,4.0,3.0,1825,rural,1990,0.0,semi_furnished,old,0.0,0.1,316599,35
944,2.0,3.0,1388,sub_urban,2005,1.0,semi_furnished,old,0.0,0.28,234675,20
945,1.0,2.0,1388,urban,2013,1.0,semi_furnished,old,1.0,0.25,254050,12
946,2.0,2.0,1816,urban,2007,1.0,semi_furnished,new,0.0,0.14,346447,18
947,5.0,1.0,1636,rural,1982,0.0,unfurnished,good,0.0,0.09,295528,43
948,5.0,2.0,1728,sub_urban,1990,1.0,furnished,old,0.0,0.63,290426,35
949,3.0,2.0,1887,sub_urban,2017,1.0,semi_furnished,new,0.0,0.04,326761,8
950,3.0,1.0,1367,sub_urban,1993,0.0,furnished,good,0.0,0.24,251535,32
951,4.0,1.0,1255,sub_urban,2005,1.0,furnished,old,1.0,0.43,238489,20
952,2.0,2.0,1066,urban,2000,0.0,furnished,old,1.0,0.33,208917,25
953,5.0,3.0,1170,rural,2018,1.0,semi_furnished,old,1.0,0.18,237647,7
954,3.0,2.0,2680,sub_urban,2009,1.0,furnished,new,1.0,0.07,461437,16
955,3.0,4.0,1998,urban,1987,0.0,semi_furnished,old,0.0,0.27,332979,38
956,3.0,2.0,960,sub_urban,1999,0.0,semi_furnished,new,0.0,0.15,190009,26
957,1.0,2.0,971,rural,2011,0.0,furnished,old,1.0,0.28,186418,14
958,2.0,2.0,1693,rural,2001,0.0,furnished,good,0.0,0.26,304998,24
959,4.0,3.0,1719,sub_urban,1986,1.0,furnished,old,0.0,0.41,301691,39
960,1.0,1.0,1720,rural,1988,1.0,furnished,new,0.0,0.08,300171,37
961,3.0,2.0,1398,rural,1980,0.0,semi_furnished,new,1.0,0.2,275151,45
962,2.0,3.0,1450,urban,2008,0.0,semi_furnished,old,0.0,0.32,255799,17
963,3.0,2.0,1631,urban,1987,1.0,semi_furnished,new,0.0,0.28,309962,38
964,2.0,2.0,1534,urban,1983,1.0,semi_furnished,old,0.0,0.05,261753,42
965,3.0,2.0,612,urban,2014,0.0,semi_furnished,good,0.0,0.15,130543,11
966,4.0,1.0,1408,urban,1982,0.0,semi_furnished,old,1.0,0.46,257317,43
967,2.0,2.0,1159,rural,2019,1.0,semi_furnished,new,0.0,0.29,226885,6
968,3.0,2.0,1570,rural,1986,0.0,semi_furnished,new,0.0,0.0,285151,39
969,3.0,1.0,2694,sub_urban,2006,0.0,unfurnished,new,0.0,0.38,448399,19
970,4.0,1.0,1647,sub_urban,1980,1.0,furnished,old,0.0,0.01,284336,45
971,5.0,3.0,1375,rural,2006,1.0,semi_furnished,new,0.0,0.2,267331,19
972,4.0,1.0,1869,sub_urban,1995,1.0,furnished,good,1.0,0.33,336703,30
973,2.0,2.0,1693,urban,2017,1.0,furnished,new,0.0,0.43,313903,8
974,1.0,1.0,1668,urban,1986,1.0,furnished,good,0.0,0.1,300934,39
975,2.0,4.0,1743,sub_urban,2023,0.0,semi_furnished,good,0.0,0.36,312728,2
976,3.0,1.0,2323,rural,2002,0.0,semi_furnished,new,0.0,0.38,403156,23
977,1.0,2.0,1048,rural,2020,0.0,furnished,old,1.0,0.17,202141,5
978,3.0,3.0,1689,rural,1990,0.0,furnished,good,0.0,0.26,307232,35
979,3.0,3.0,1129,sub_urban,2021,1.0,furnished,new,1.0,0.21,244613,4
980,2.0,1.0,1722,rural,2012,1.0,unfurnished,good,0.0,0.16,300539,13
981,4.0,3.0,1133,urban,2015,1.0,unfurnished,new,0.0,0.42,234639,10
982,2.0,2.0,1333,urban,2016,1.0,furnished,old,0.0,0.17,257105,9
983,1.0,2.0,1382,urban,2020,0.0,semi_furnished,old,0.0,0.2,250684,5
984,4.0,1.0,1890,sub_urban,1996,0.0,furnished,old,1.0,0.29,329749,29
985,3.0,1.0,1867,urban,2014,1.0,furnished,old,0.0,0.2,307461,11
986,4.0,3.0,1002,sub_urban,1984,1.0,furnished,old,0.0,0.18,183866,41
987,3.0,2.0,1522,urban,2011,1.0,furnished,new,0.0,0.31,299137,14
988,2.0,2.0,1216,rural,1982,1.0,unfurnished,good,0.0,0.03,221174,43
989,4.0,3.0,997,urban,2014,1.0,semi_furnished,new,1.0,0.42,217952,11
990,4.0,3.0,1413,urban,1993,1.0,semi_furnished,good,0.0,0.22,252164,32
991,4.0,1.0,1377,sub_urban,2010,0.0,furnished,old,0.0,0.1,251058,15
992,2.0,2.0,2471,rural,2010,1.0,semi_furnished,good,0.0,0.08,426787,15
993,3.0,1.0,1673,rural,1996,1.0,semi_furnished,new,0.0,0.26,314555,29
994,3.0,3.0,949,rural,2003,0.0,semi_furnished,new,0.0,0.2,186756,22
995,1.0,2.0,1274,urban,2002,1.0,furnished,old,0.0,0.02,237767,23
996,5.0,2.0,1909,sub_urban,1997,0.0,semi_furnished,new,1.0,0.16,363716,28
997,2.0,1.0,2335,urban,1993,1.0,furnished,old,1.0,0.13,403535,32
998,3.0,1.0,866,urban,1994,0.0,semi_furnished,old,0.0,0.44,169833,31
999,3.0,1.0,748,sub_urban,1994,1.0,semi_furnished,new,0.0,0.27,151890,31
